,year_infested,diss_date,date,site,stem_id,stem_diam_bottom_in_mm,main_stem_length_in_cm,total_meja,meja_per_100_cm,infested,diam_top_in_mm,tip_of_stem_broken,side_branches_in_cm,number_empty_chambers,total_number_adults,stem_diam_bottom_in_cm,diam_top_in_cm
0,2012,2012-12-07,2012-12-03,West,1,7.8,64.0,21,32.8,1,2.6,1,,4,17,0.78,0.26
1,2012,2012-12-08,2012-12-03,West,2,8.2,57.5,46,80.0,1,2.2,1,,2,44,0.82,0.22
2,2012,2012-12-10,2012-12-03,West,3,6.6,33.0,32,97.0,1,2.6,1,,0,32,0.66,0.26
3,2012,2012-12-10,2012-12-03,West,4,6.4,59.0,30,50.8,1,2.6,1,,0,30,0.64,0.26
4,2012,2012-12-10,2012-12-03,West,5,6.5,45.0,31,68.9,1,3.0,1,,0,31,0.65,0.3
5,2012,2012-12-10,2012-12-03,West,6,7.0,61.0,21,34.4,1,2.1,1,,0,21,0.7,0.21
6,2012,2012-12-10,2012-12-03,West,7,6.8,43.0,15,34.9,1,1.8,1,,1,14,0.68,0.18
7,2012,2012-12-10,2012-12-03,West,8,6.8,46.0,41,89.1,1,1.5,1,,4,37,0.68,0.15
8,2012,2012-12-10,2012-12-03,West,9,7.4,43.0,29,67.4,1,4.3,1,,0,29,0.74,0.43
9,2012,2012-12-10,2012-12-03,West,10,3.9,50.0,1,2.0,1,1.1,0,,0,1,0.39,0.11
10,2012,2012-12-11,2012-12-03,West,11,5.0,48.0,23,47.9,1,2.7,1,,0,23,0.5,0.27
11,2012,2012-12-11,2012-12-03,West,12,5.1,45.0,16,35.6,1,2.5,1,,0,16,0.51,0.25
12,2012,2012-12-11,2012-12-03,West,13,8.5,49.0,28,57.1,1,3.8,1,,0,28,0.85,0.38
13,2012,2012-12-11,2012-12-03,West,14,4.8,31.0,26,83.9,1,2.8,1,,0,22,0.48,0.28
14,2012,2012-12-12,2012-12-03,West,15,9.3,42.0,8,19.0,1,2.8,1,,0,8,0.93,0.28
15,2012,2012-12-12,2012-12-03,West,16,4.8,41.0,28,68.3,1,1.6,1,,0,28,0.48,0.16
16,2012,2012-12-12,2012-12-03,West,17,6.6,36.0,3,8.3,1,2.2,1,,0,3,0.66,0.22
17,2012,2012-12-12,2012-12-03,West,18,6.9,41.0,53,129.3,1,2.8,1,,0,53,0.69,0.28
18,2012,2012-12-12,2012-12-03,West,19,7.5,47.0,1,2.1,1,2.4,1,,1,0,0.75,0.24
19,2012,2012-12-12,2012-12-03,West,20,5.3,35.0,8,22.9,1,1.9,1,,1,7,0.53,0.19
20,2012,2012-12-12,2012-12-03,West,21,5.0,33.0,21,63.6,1,1.6,0,,4,17,0.5,0.16
21,2012,2012-12-12,2012-12-03,West,22,4.5,42.0,10,23.8,1,1.1,0,,0,10,0.45,0.11
22,2012,2012-12-12,2012-12-03,West,23,3.4,27.0,12,44.4,1,1.2,0,,0,12,0.34,0.12
23,2012,2012-12-12,2012-12-03,West,24,4.3,31.0,21,67.7,1,1.6,0,,0,21,0.43,0.16
24,2012,2012-12-12,2012-12-03,West,25,6.5,37.0,6,16.2,1,1.6,0,,0,6,0.65,0.16
25,2012,2012-12-13,2012-12-03,West,26,4.8,41.0,10,24.4,1,1.3,0,,0,10,0.48,0.13
26,2012,2012-12-13,2012-12-03,West,27,6.1,43.0,18,41.9,1,3.6,1,,0,18,0.61,0.36
27,2012,2012-12-13,2012-12-03,West,28,5.2,40.0,20,50.0,1,2.6,1,,0,18,0.52,0.26
28,2012,2012-12-13,2012-12-03,West,29,6.1,34.0,17,50.0,1,2.0,1,,0,17,0.61,0.2
29,2012,2012-12-14,2012-12-03,West,30,6.4,27.5,22,80.0,1,3.5,1,,0,22,0.64,0.35
30,2012,2012-12-14,2012-12-03,West,31,5.7,40.0,13,32.5,1,3.1,1,,0,13,0.57,0.31
31,2012,2012-12-14,2012-12-03,West,32,4.2,34.0,17,50.0,1,2.2,1,,1,16,0.42,0.22
32,2012,2012-12-14,2012-12-03,West,33,6.1,35.0,11,31.4,1,1.6,1,,1,10,0.61,0.16
33,2012,2012-12-14,2012-12-03,West,34,4.5,43.0,9,20.9,1,1.4,1,,6,3,0.45,0.14
34,2012,2012-12-14,2012-12-03,West,35,4.3,36.0,6,16.7,1,1.1,1,,0,0,0.43,0.11
35,2012,2012-12-14,2012-12-03,West,36,6.2,34.0,9,26.5,1,1.2,1,,2,7,0.62,0.12
36,2012,2012-12-20,2012-12-03,West,37,3.6,27.0,7,25.9,1,1.5,0,,2,5,0.36,0.15
37,2012,2012-12-20,2012-12-03,West,38,4.7,38.0,14,36.8,1,2.1,1,,4,9,0.47,0.21
38,2012,2012-12-20,2012-12-03,West,39,4.6,31.0,9,29.0,1,1.2,0,,1,7,0.46,0.12
39,2012,2012-12-20,2012-12-03,West,40,5.3,38.0,27,71.1,1,2.1,1,,6,21,0.53,0.21
40,2012,2012-12-20,2012-12-03,West,41,3.2,41.0,11,26.8,1,1.6,1,,2,9,0.32,0.16
41,2012,2012-12-20,2012-12-03,West,42,4.0,30.0,10,33.3,1,1.7,1,,2,8,0.4,0.17
42,2012,2012-12-20,2012-12-03,West,43,5.1,22.0,23,104.5,1,2.3,1,,0,23,0.51,0.23
43,2012,2012-12-20,2012-12-03,West,44,5.5,33.0,7,21.2,1,1.2,1,,3,0,0.55,0.12
44,2012,2012-12-20,2012-12-03,West,45,3.0,25.0,5,20.0,1,2.0,0,,4,1,0.3,0.2
45,2012,2012-12-21,2012-12-03,West,46,4.6,36.0,15,41.7,1,1.2,1,,8,7,0.46,0.12
46,2012,2012-12-21,2012-12-03,West,47,8.1,44.0,14,31.8,1,1.8,1,,5,9,0.81,0.18
47,2012,2012-12-21,2012-12-03,West,48,3.5,21.0,28,133.3,1,1.6,1,,2,26,0.35,0.16
48,2012,2012-12-21,2012-12-03,West,49,5.5,36.0,6,16.7,0,1.9,1,,1,5,0.55,0.19
49,2012,2012-12-21,2012-12-03,West,50,4.1,36.0,21,58.3,1,2.0,0,,6,15,0.41,0.2
50,2012,2012-12-31,2012-12-03,USFS-West,1,4.8,85.0,0,0.0,0,0.5,0,,0,0,0.48,0.05
51,2012,2012-12-31,2012-12-03,USFS-West,2,3.4,68.0,0,0.0,0,0.4,0,,0,0,0.34,0.04
52,2012,2012-12-31,2012-12-03,USFS-West,3,9.3,87.0,0,0.0,0,2.9,1,,0,0,0.93,0.29
53,2012,2012-12-31,2012-12-03,USFS-West,4,4.1,81.0,0,0.0,0,0.6,0,,0,0,0.41,0.06
54,2012,2013-01-02,2012-12-03,USFS-West,5,7.6,93.0,0,0.0,0,1.2,1,,0,0,0.76,0.12
55,2012,2013-01-02,2012-12-03,USFS-West,6,5.4,73.0,0,0.0,0,0.3,0,,0,0,0.54,0.03
56,2012,2013-01-02,2012-12-03,USFS-West,7,5.3,103.0,0,0.0,0,0.2,0,,0,0,0.53,0.02
57,2012,2013-01-02,2012-12-03,USFS-West,8,5.3,65.0,0,0.0,0,0.9,1,,0,0,0.53,0.09
58,2012,2013-01-02,2012-12-03,USFS-West,9,4.0,101.0,0,0.0,0,0.4,0,,0,0,0.4,0.04
59,2012,2013-01-02,2012-12-03,USFS-West,10,7.3,85.0,0,0.0,0,0.5,0,,0,0,0.73,0.05
60,2012,2013-01-02,2012-12-03,USFS-West,11,3.7,46.0,0,0.0,0,0.7,1,,0,0,0.37,0.07
61,2012,2013-01-02,2012-12-03,USFS-West,12,4.2,65.0,0,0.0,0,0.7,0,,0,0,0.42,0.07
62,2012,2013-01-02,2012-12-03,USFS-West,13,3.6,72.0,0,0.0,0,0.2,0,,0,0,0.36,0.02
63,2012,2013-01-02,2012-12-03,USFS-West,14,3.8,66.0,0,0.0,0,0.4,0,,0,0,0.38,0.04
64,2012,2013-01-02,2012-12-03,USFS-West,15,4.5,76.0,4,5.3,1,0.6,0,,0,1,0.45,0.06
65,2012,2013-01-02,2012-12-03,USFS-West,16,5.4,61.0,0,0.0,0,1.6,0,,0,0,0.54,0.16
66,2012,2013-01-02,2012-12-03,USFS-West,17,3.8,61.0,0,0.0,0,1.6,1,,0,0,0.38,0.16
67,2012,2013-01-02,2012-12-03,USFS-West,18,5.5,57.0,0,0.0,0,1.5,1,,0,0,0.55,0.15
68,2012,2013-01-02,2012-12-03,USFS-West,19,7.2,58.0,0,0.0,0,1.6,1,,0,0,0.72,0.16
69,2012,2013-01-07,2012-12-03,USFS-West,20,8.1,85.0,0,0.0,0,2.1,1,,0,0,0.81,0.21
70,2012,2013-01-07,2012-12-03,USFS-West,21,3.2,75.0,0,0.0,0,0.5,0,,0,0,0.32,0.05
71,2012,2013-01-07,2012-12-03,USFS-West,22,3.9,51.0,0,0.0,0,0.5,0,,0,0,0.39,0.05
72,2012,2013-01-07,2012-12-03,USFS-West,23,4.1,66.0,2,3.0,1,1.0,1,,0,1,0.41,0.1
73,2012,2013-01-07,2012-12-03,USFS-West,24,5.1,83.0,0,0.0,0,1.1,1,,0,0,0.51,0.11
74,2012,2013-01-07,2012-12-03,USFS-West,25,6.1,95.0,0,0.0,0,0.3,0,,0,0,0.61,0.03
75,2012,2013-01-07,2012-12-03,USFS-West,26,5.7,70.0,0,0.0,0,0.6,1,,0,0,0.57,0.06
76,2012,2013-01-07,2012-12-03,USFS-West,27,4.0,49.0,1,2.0,1,1.5,1,,0,1,0.4,0.15
77,2012,2013-01-07,2012-12-03,USFS-West,28,3.9,55.0,0,0.0,0,0.2,0,,0,0,0.39,0.02
78,2012,2013-01-07,2012-12-03,USFS-West,29,4.1,89.0,0,0.0,0,0.5,0,,0,0,0.41,0.05
79,2012,2013-01-07,2012-12-03,USFS-West,30,4.4,90.0,0,0.0,0,0.5,0,,0,0,0.44,0.05
80,2012,2013-01-07,2012-12-03,USFS-West,31,4.8,61.0,0,0.0,0,1.0,0,,0,0,0.48,0.1
81,2012,2013-01-07,2012-12-03,USFS-West,32,4.3,52.0,3,5.8,1,0.5,0,,0,3,0.43,0.05
82,2012,2013-01-07,2012-12-03,USFS-West,33,2.5,47.0,0,0.0,0,0.6,0,,0,0,0.25,0.06
83,2012,2013-01-07,2012-12-03,USFS-West,34,5.6,85.0,0,0.0,0,0.8,0,,0,0,0.56,0.08
84,2012,2013-01-07,2012-12-03,USFS-West,35,9.0,79.0,0,0.0,0,2.6,1,,0,0,0.9,0.26
85,2012,2013-01-07,2012-12-03,USFS-West,36,8.6,96.0,0,0.0,0,2.3,1,,0,0,0.86,0.23
86,2012,2013-01-07,2012-12-03,USFS-West,37,5.0,67.0,4,6.0,1,0.6,0,,0,4,0.5,0.06
87,2012,2013-01-07,2012-12-03,USFS-West,38,5.6,64.0,0,0.0,0,0.7,0,,0,0,0.56,0.07
88,2012,2013-01-07,2012-12-03,USFS-West,39,4.2,66.0,0,0.0,0,0.5,0,,0,0,0.42,0.05
89,2012,2013-01-07,2012-12-03,USFS-West,40,4.8,62.0,0,0.0,0,1.5,1,,0,0,0.48,0.15
90,2012,2013-01-07,2012-12-03,USFS-West,41,4.8,83.0,0,0.0,0,0.9,1,,0,0,0.48,0.09
91,2012,2013-01-07,2012-12-03,USFS-West,42,4.8,75.0,0,0.0,0,0.3,0,,0,0,0.48,0.03
92,2012,2013-01-07,2012-12-03,USFS-West,43,2.7,48.0,0,0.0,0,0.6,0,,0,0,0.27,0.06
93,2012,2013-01-07,2012-12-03,USFS-West,44,5.4,73.0,0,0.0,0,1.1,1,,0,0,0.54,0.11
94,2012,2013-01-07,2012-12-03,USFS-West,45,3.4,83.0,0,0.0,0,0.5,0,,0,0,0.34,0.05
95,2012,2013-01-07,2012-12-03,USFS-West,46,6.3,69.0,0,0.0,0,1.7,1,,0,0,0.63,0.17
96,2012,2013-01-07,2012-12-03,USFS-West,47,5.0,63.0,0,0.0,0,0.5,0,,0,0,0.5,0.05
97,2012,2013-01-07,2012-12-03,USFS-West,48,2.7,63.0,0,0.0,0,0.4,0,,0,0,0.27,0.04
98,2012,2013-01-07,2012-12-03,USFS-West,49,4.1,60.0,0,0.0,0,1.7,1,,0,0,0.41,0.17
99,2012,2013-01-07,2012-12-03,USFS-West,50,4.6,83.0,0,0.0,0,1.2,1,,0,0,0.46,0.12
100,2012,2013-01-09,2012-12-03,USFS-South,1,4.3,88.0,1,1.1,1,0.9,0,,0,1,0.43,0.09
101,2012,2013-01-09,2012-12-03,USFS-South,2,6.2,94.0,0,0.0,0,0.7,0,,0,0,0.62,0.07
102,2012,2013-01-09,2012-12-03,USFS-South,3,6.6,79.0,0,0.0,0,1.3,1,,0,0,0.66,0.13
103,2012,2013-01-09,2012-12-03,USFS-South,4,5.2,50.0,16,32.0,1,2.0,1,,0,16,0.52,0.2
104,2012,2013-01-09,2012-12-03,USFS-South,5,3.0,39.0,2,5.1,1,0.9,0,,0,2,0.3,0.09
105,2012,2013-01-09,2012-12-03,USFS-South,6,4.7,88.0,0,0.0,0,0.9,0,,0,0,0.47,0.09
106,2012,2013-01-09,2012-12-03,USFS-South,7,3.3,38.0,4,10.5,1,0.6,0,,0,4,0.33,0.06
107,2012,2013-01-09,2012-12-03,USFS-South,8,7.4,69.0,0,0.0,0,1.4,1,,0,0,0.74,0.14
108,2012,2013-01-10,2012-12-03,USFS-South,9,2.5,45.0,1,2.2,1,0.6,0,,0,1,0.25,0.06
109,2012,2013-01-10,2012-12-03,USFS-South,10,8.8,82.0,0,0.0,0,2.6,1,,0,0,0.88,0.26
110,2012,2013-01-10,2012-12-03,USFS-South,11,6.7,90.0,0,0.0,0,0.5,0,,0,0,0.67,0.05
111,2012,2013-01-10,2012-12-03,USFS-South,12,6.2,67.0,4,6.0,1,1.2,1,,0,4,0.62,0.12
112,2012,2013-01-11,2012-12-03,USFS-South,13,3.3,51.0,0,0.0,0,0.9,0,,0,0,0.33,0.09
113,2012,2013-01-11,2012-12-03,USFS-South,14,4.7,61.0,9,14.8,1,0.7,0,,1,8,0.47,0.07
114,2012,2013-01-11,2012-12-03,USFS-South,15,3.5,51.0,1,2.0,1,1.2,1,,0,1,0.35,0.12
115,2012,2013-01-11,2012-12-03,USFS-South,16,4.0,42.0,9,21.4,1,1.5,1,,0,9,0.4,0.15
116,2012,2013-01-14,2012-12-03,USFS-South,17,3.3,53.0,3,5.7,1,0.8,1,,0,3,0.33,0.08
117,2012,2013-01-15,2012-12-03,USFS-South,18,6.2,57.0,6,10.5,1,1.6,1,,0,6,0.62,0.16
118,2012,2013-01-15,2012-12-03,USFS-South,19,3.1,45.0,0,0.0,0,1.3,1,,0,0,0.31,0.13
119,2012,2013-01-15,2012-12-03,USFS-South,20,8.2,65.0,0,0.0,0,2.3,1,,0,0,0.82,0.23
120,2012,2013-01-15,2012-12-03,USFS-South,21,3.1,43.0,2,4.7,1,0.7,1,,0,2,0.31,0.07
121,2012,2013-01-15,2012-12-03,USFS-South,22,3.1,39.0,10,25.6,1,0.8,0,,0,10,0.31,0.08
122,2012,2013-01-15,2012-12-03,USFS-South,23,6.4,32.0,3,9.4,1,2.6,1,,0,3,0.64,0.26
123,2012,2013-01-15,2012-12-03,USFS-South,24,2.9,40.0,3,7.5,1,0.7,0,,0,3,0.29,0.07
124,2012,2013-01-15,2012-12-03,USFS-South,25,4.2,72.0,4,5.6,1,0.8,0,,0,4,0.42,0.08
125,2012,2013-01-15,2012-12-03,USFS-South,26,3.3,34.0,10,29.4,1,0.7,0,,0,10,0.33,0.07
126,2012,2013-01-15,2012-12-03,USFS-South,27,4.1,47.0,2,4.3,1,0.7,1,,0,2,0.41,0.07
127,2012,2013-01-15,2012-12-03,USFS-South,28,5.0,57.0,7,12.3,1,0.6,0,,0,7,0.5,0.06
128,2012,2013-01-15,2012-12-03,USFS-South,29,3.4,67.0,0,0.0,0,0.3,0,,0,0,0.34,0.03
129,2012,2013-01-15,2012-12-03,USFS-South,30,5.8,62.0,1,1.6,1,0.9,1,,1,0,0.58,0.09
130,2012,2013-01-15,2012-12-03,USFS-South,31,3.8,54.0,0,0.0,0,0.6,1,,0,0,0.38,0.06
131,2012,2013-01-15,2012-12-03,USFS-South,32,2.6,38.0,5,13.2,1,0.6,1,,1,3,0.26,0.06
132,2012,2013-01-15,2012-12-03,USFS-South,33,7.2,42.0,1,2.4,1,0.8,0,,0,1,0.72,0.08
133,2012,2013-01-16,2012-12-03,USFS-South,34,7.4,35.0,1,2.9,1,1.9,1,,0,0,0.74,0.19
134,2012,2013-01-16,2012-12-03,USFS-South,35,4.9,25.0,5,20.0,1,2.0,1,,0,5,0.49,0.2
135,2012,2013-01-16,2012-12-03,USFS-South,36,6.2,40.0,1,2.5,1,2.2,1,,0,1,0.62,0.22
136,2012,2013-01-16,2012-12-03,USFS-South,37,4.6,43.0,10,23.3,1,1.8,1,,0,10,0.46,0.18
137,2012,2013-01-16,2012-12-03,USFS-South,38,6.2,71.0,0,0.0,0,1.1,1,,0,0,0.62,0.11
138,2012,2013-01-16,2012-12-03,USFS-South,39,8.0,75.0,3,4.0,1,3.0,1,,1,2,0.8,0.3
139,2012,2013-01-16,2012-12-03,USFS-South,40,6.5,48.0,5,10.4,1,0.5,0,,1,4,0.65,0.05
140,2012,2013-01-16,2012-12-03,USFS-South,41,3.4,56.0,1,1.8,1,0.3,0,,0,1,0.34,0.03
141,2012,2013-01-16,2012-12-03,USFS-South,42,7.0,67.0,8,11.9,1,1.9,1,,0,8,0.7,0.19
142,2012,2013-01-16,2012-12-03,USFS-South,43,3.3,51.0,1,2.0,1,0.7,0,,0,1,0.33,0.07
143,2012,2013-01-16,2012-12-03,USFS-South,44,2.9,39.0,0,0.0,0,0.6,0,,0,0,0.29,0.06
144,2012,2013-01-16,2012-12-03,USFS-South,45,4.2,38.0,5,13.2,1,0.4,0,,3,2,0.42,0.04
145,2012,2013-01-16,2012-12-03,USFS-South,46,3.1,32.0,7,21.9,1,0.8,1,,0,7,0.31,0.08
146,2012,2013-01-16,2012-12-03,USFS-South,47,3.1,34.0,6,17.6,1,1.6,1,,0,6,0.31,0.16
147,2012,2013-01-16,2012-12-03,USFS-South,48,3.8,37.0,5,13.5,1,1.4,1,,0,5,0.38,0.14
148,2012,2013-01-16,2012-12-03,USFS-South,49,2.2,36.0,0,0.0,0,0.3,0,,0,0,0.22,0.03
149,2012,2013-01-16,2012-12-03,USFS-South,50,3.1,31.0,1,3.2,1,1.6,1,,0,1,0.31,0.16
150,2012,2013-01-17,2012-12-03,USFS-North,1,6.6,107.0,0,0.0,0,0.6,0,,0,0,0.66,0.06
151,2012,2013-01-17,2012-12-03,USFS-North,2,5.7,92.0,0,0.0,0,0.4,1,,0,0,0.57,0.04
152,2012,2013-01-17,2012-12-03,USFS-North,3,6.8,110.0,0,0.0,0,0.6,0,,0,0,0.68,0.06
153,2012,2013-01-17,2012-12-03,USFS-North,4,6.3,86.0,0,0.0,0,1.5,1,,0,0,0.63,0.15
154,2012,2013-01-17,2012-12-03,USFS-North,5,2.8,67.0,3,4.5,1,0.2,0,,0,3,0.28,0.02
155,2012,2013-01-17,2012-12-03,USFS-North,6,6.8,92.0,0,0.0,0,0.5,0,,0,0,0.68,0.05
156,2012,2013-01-17,2012-12-03,USFS-North,7,4.1,64.0,4,6.3,1,0.4,1,,0,4,0.41,0.04
157,2012,2013-01-17,2012-12-03,USFS-North,8,3.3,46.0,0,0.0,0,0.3,0,,0,0,0.33,0.03
158,2012,2013-01-17,2012-12-03,USFS-North,9,3.5,64.0,0,0.0,0,0.9,1,,0,0,0.35,0.09
159,2012,2013-01-17,2012-12-03,USFS-North,10,3.7,51.0,2,3.9,1,1.4,1,,0,2,0.37,0.14
160,2012,2013-01-17,2012-12-03,USFS-North,11,6.3,76.0,0,0.0,0,1.0,1,,0,0,0.63,0.1
161,2012,2013-01-17,2012-12-03,USFS-North,12,3.8,78.0,9,11.5,1,0.5,0,,0,9,0.38,0.05
162,2012,2013-01-17,2012-12-03,USFS-North,13,3.4,67.0,3,4.5,1,1.1,1,,0,3,0.34,0.11
163,2012,2013-01-17,2012-12-03,USFS-North,14,5.7,72.0,1,1.4,1,1.2,1,,0,1,0.57,0.12
164,2012,2013-01-17,2012-12-03,USFS-North,15,5.3,73.0,3,4.1,1,1.2,1,,0,3,0.53,0.12
165,2012,2013-01-17,2012-12-03,USFS-North,16,2.8,49.0,1,2.0,1,0.5,1,,0,1,0.28,0.05
166,2012,2013-01-17,2012-12-03,USFS-North,17,7.2,100.0,0,0.0,0,0.5,0,,0,0,0.72,0.05
167,2012,2013-01-17,2012-12-03,USFS-North,18,4.2,74.0,0,0.0,0,,0,,0,0,0.42,
168,2012,2013-01-17,2012-12-03,USFS-North,19,5.6,75.0,0,0.0,0,0.5,0,,0,0,0.56,0.05
169,2012,2013-01-17,2012-12-03,USFS-North,20,5.6,100.0,1,1.0,1,0.7,0,,0,1,0.56,0.07
170,2012,2013-01-17,2012-12-03,USFS-North,21,6.4,93.0,0,0.0,0,0.9,0,,0,0,0.64,0.09
171,2012,2013-01-17,2012-12-03,USFS-North,22,4.2,62.0,4,6.5,1,0.8,0,,0,4,0.42,0.08
172,2012,2013-01-17,2012-12-03,USFS-North,23,6.2,58.0,0,0.0,0,0.9,1,,0,0,0.62,0.09
173,2012,2013-01-17,2012-12-03,USFS-North,24,4.4,46.0,0,0.0,0,0.9,1,,0,0,0.44,0.09
174,2012,2013-01-17,2012-12-03,USFS-North,25,4.9,65.0,4,6.2,1,0.6,0,,0,4,0.49,0.06
175,2012,2013-01-17,2012-12-03,USFS-North,26,6.9,82.0,0,0.0,0,2.0,1,,0,0,0.69,0.2
176,2012,2013-01-17,2012-12-03,USFS-North,27,4.4,72.0,1,1.4,1,0.7,0,,0,1,0.44,0.07
177,2012,2013-01-17,2012-12-03,USFS-North,28,5.0,69.0,6,8.7,1,1.4,1,,0,6,0.5,0.14
178,2012,2013-01-17,2012-12-03,USFS-North,29,3.9,64.0,7,10.9,1,0.4,0,,0,7,0.39,0.04
179,2012,2013-01-17,2012-12-03,USFS-North,30,8.0,98.0,0,0.0,0,0.4,0,,0,0,0.8,0.04
180,2012,2013-01-17,2012-12-03,USFS-North,31,3.7,58.0,0,0.0,0,0.8,1,,0,0,0.37,0.08
181,2012,2013-01-17,2012-12-03,USFS-North,32,5.2,51.0,1,2.0,1,1.2,0,,0,1,0.52,0.12
182,2012,2013-01-24,2012-12-03,USFS-North,33,8.3,77.0,1,1.3,1,0.9,1,,0,1,0.83,0.09
183,2012,2013-01-24,2012-12-03,USFS-North,34,8.1,91.0,5,5.5,1,1.2,1,,5,0,0.81,0.12
184,2012,2013-01-24,2012-12-03,USFS-North,35,5.2,78.0,8,10.3,1,1.7,1,,0,8,0.52,0.17
185,2012,2013-01-24,2012-12-03,USFS-North,36,3.8,53.0,0,0.0,0,0.9,1,,0,0,0.38,0.09
186,2012,2013-01-25,2012-12-03,USFS-North,37,4.9,54.0,0,0.0,0,1.1,0,,0,0,0.49,0.11
187,2012,2013-01-25,2012-12-03,USFS-North,38,4.9,68.0,2,2.9,1,1.0,1,,0,2,0.49,0.1
188,2012,2013-01-25,2012-12-03,USFS-North,39,5.3,67.0,1,1.5,1,1.2,0,,0,1,0.53,0.12
189,2012,2013-01-25,2012-12-03,USFS-North,40,8.8,96.0,0,0.0,0,1.8,1,,0,0,0.88,0.18
190,2012,2013-01-25,2012-12-03,USFS-North,41,3.9,65.0,0,0.0,0,1.1,0,,0,0,0.39,0.11
191,2012,2013-01-25,2012-12-03,USFS-North,42,3.8,64.0,3,4.7,1,1.3,1,,0,3,0.38,0.13
192,2012,2013-01-25,2012-12-03,USFS-North,43,4.2,71.0,0,0.0,0,1.4,1,,0,0,0.42,0.14
193,2012,2013-01-25,2012-12-03,USFS-North,44,3.3,51.0,0,0.0,0,0.9,0,,0,0,0.33,0.09
194,2012,2013-01-25,2012-12-03,USFS-North,45,7.2,51.0,1,2.0,1,2.1,1,,0,1,0.72,0.21
195,2012,2013-01-25,2012-12-03,USFS-North,46,5.0,53.0,2,3.8,1,1.8,1,,0,2,0.5,0.18
196,2012,2013-01-25,2012-12-03,USFS-North,47,3.4,53.0,4,7.5,1,0.4,0,,0,4,0.34,0.04
197,2012,2013-01-25,2012-12-03,USFS-North,48,3.2,57.0,0,0.0,0,0.8,1,,0,0,0.32,0.08
198,2012,2013-01-25,2012-12-03,USFS-North,49,5.2,52.5,2,3.8,1,3.1,1,,1,1,0.52,0.31
199,2012,2013-01-25,2012-12-03,USFS-North,50,4.3,58.0,5,8.6,1,0.6,0,,0,5,0.43,0.06
200,2012,2013-01-28,2012-12-03,Center,1,5.0,60.0,32,53.3,1,2.6,1,,1,31,0.5,0.26
201,2012,2013-01-28,2012-12-03,Center,2,7.6,62.0,16,25.8,1,2.7,1,,8,8,0.76,0.27
202,2012,2013-01-28,2012-12-03,Center,3,5.9,62.5,67,107.2,1,1.4,1,,1,66,0.59,0.14
203,2012,2013-01-28,2012-12-03,Center,4,6.0,56.0,34,60.7,1,1.1,1,,20,14,0.6,0.11
204,2012,2013-01-28,2012-12-03,Center,5,4.4,39.5,11,27.8,1,1.4,1,,0,11,0.44,0.14
205,2012,2013-01-28,2012-12-03,Center,6,6.2,57.5,9,15.7,1,1.1,0,,0,9,0.62,0.11
206,2012,2013-01-28,2012-12-03,Center,7,3.3,30.0,8,26.7,1,1.2,0,,0,8,0.33,0.12
207,2012,2013-01-28,2012-12-03,Center,8,3.4,34.0,7,20.6,1,1.7,1,,0,7,0.34,0.17
208,2012,2013-01-28,2012-12-03,Center,9,3.5,40.5,13,32.1,1,1.8,1,,2,11,0.35,0.18
209,2012,2013-01-28,2012-12-03,Center,10,6.7,41.5,11,26.5,1,1.7,0,,0,11,0.67,0.17
210,2012,2013-01-28,2012-12-03,Center,11,4.8,31.0,7,22.6,1,2.0,1,,4,3,0.48,0.2
211,2012,2013-01-28,2012-12-03,Center,12,5.2,45.0,35,77.8,1,2.4,1,,1,34,0.52,0.24
212,2012,2013-01-28,2012-12-03,Center,13,5.4,42.0,10,23.8,1,1.8,1,,1,9,0.54,0.18
213,2012,2013-01-28,2012-12-03,Center,14,6.8,61.0,11,18.0,1,2.3,1,,4,7,0.68,0.23
214,2012,2013-01-28,2012-12-03,Center,15,5.4,48.0,38,79.2,1,2.2,1,,3,35,0.54,0.22
215,2012,2013-01-28,2012-12-03,Center,16,3.6,27.0,13,48.1,1,1.9,1,,2,11,0.36,0.19
216,2012,2013-01-29,2012-12-03,Center,17,4.8,30.5,15,49.2,1,1.1,1,,4,11,0.48,0.11
217,2012,2013-01-29,2012-12-03,Center,18,5.1,47.5,31,65.3,1,1.0,1,,7,24,0.51,0.1
218,2012,2013-01-29,2012-12-03,Center,19,4.0,29.0,16,55.2,1,1.5,1,,13,3,0.4,0.15
219,2012,2013-01-29,2012-12-03,Center,20,5.8,51.0,39,76.5,1,2.9,1,,1,38,0.58,0.29
220,2012,2013-01-29,2012-12-03,Center,21,4.5,43.0,26,60.5,1,1.6,1,,1,25,0.45,0.16
221,2012,2013-01-29,2012-12-03,Center,22,5.7,44.0,20,45.5,1,1.8,1,,1,19,0.57,0.18
222,2012,2013-01-29,2012-12-03,Center,23,6.0,36.0,29,80.6,1,3.6,1,,3,26,0.6,0.36
223,2012,2013-01-29,2012-12-03,Center,24,4.0,32.0,5,15.6,1,1.1,0,,1,4,0.4,0.11
224,2012,2013-01-29,2012-12-03,Center,25,6.4,48.0,20,41.7,1,1.5,0,,4,16,0.64,0.15
225,2012,2013-01-29,2012-12-03,Center,26,4.3,26.5,21,79.2,1,1.0,0,,2,19,0.43,0.1
226,2012,2013-01-29,2012-12-03,Center,27,4.9,41.0,26,63.4,1,2.0,1,,9,17,0.49,0.2
227,2012,2013-01-29,2012-12-03,Center,28,4.4,32.0,9,28.1,1,2.3,1,,1,8,0.44,0.23
228,2012,2013-01-29,2012-12-03,Center,29,2.3,17.5,10,57.1,1,1.0,1,,9,1,0.23,0.1
229,2012,2013-01-29,2012-12-03,Center,30,3.2,24.0,12,50.0,1,1.2,1,,0,12,0.32,0.12
230,2012,2013-01-29,2012-12-03,Center,31,3.9,31.5,14,44.4,1,2.6,1,,4,10,0.39,0.26
231,2012,2013-01-29,2012-12-03,Center,32,4.3,32.5,12,36.9,1,1.0,0,,1,11,0.43,0.1
232,2012,2013-01-29,2012-12-03,Center,33,5.1,42.0,20,47.6,1,2.1,1,,8,12,0.51,0.21
233,2012,2013-01-29,2012-12-03,Center,34,8.2,39.0,12,30.8,1,2.0,1,,2,10,0.82,0.2
234,2012,2013-01-29,2012-12-03,Center,35,5.5,48.0,44,91.7,1,0.7,0,,31,13,0.55,0.07
235,2012,2013-01-29,2012-12-03,Center,36,4.5,38.5,13,33.8,1,1.0,0,,0,13,0.45,0.1
236,2012,2013-01-29,2012-12-03,Center,37,5.1,50.0,36,72.0,1,0.9,1,,31,5,0.51,0.09
237,2012,2013-01-29,2012-12-03,Center,38,3.7,29.0,10,34.5,1,1.3,0,,4,6,0.37,0.13
238,2012,2013-01-31,2012-12-03,Center,39,6.1,49.0,23,46.9,1,2.5,1,,14,9,0.61,0.25
239,2012,2013-01-31,2012-12-03,Center,40,3.7,32.0,4,12.5,1,0.5,0,,4,0,0.37,0.05
240,2012,2013-01-31,2012-12-03,Center,41,3.9,33.0,16,48.5,1,1.7,1,,4,12,0.39,0.17
241,2012,2013-01-31,2012-12-03,Center,42,5.2,32.0,11,34.4,1,2.7,1,,1,10,0.52,0.27
242,2012,2013-01-31,2012-12-03,Center,43,3.3,29.0,12,41.4,1,1.8,1,,0,12,0.33,0.18
243,2012,2013-01-31,2012-12-03,Center,44,3.5,32.0,16,50.0,1,1.3,0,,2,14,0.35,0.13
244,2012,2013-01-31,2012-12-03,Center,45,3.3,27.0,17,63.0,1,1.3,1,,0,17,0.33,0.13
245,2012,2013-01-31,2012-12-03,Center,46,3.4,37.0,24,64.9,1,1.6,1,,0,24,0.34,0.16
246,2012,2013-01-31,2012-12-03,Center,47,3.3,37.0,19,51.4,1,0.7,0,,0,19,0.33,0.07
247,2012,2013-01-31,2012-12-03,Center,48,2.4,22.0,8,36.4,1,1.8,1,,6,2,0.24,0.18
248,2012,2013-01-31,2012-12-03,Center,49,2.7,29.0,12,41.4,1,0.8,0,,0,12,0.27,0.08
249,2012,2013-01-31,2012-12-03,Center,50,2.6,26.0,4,15.4,1,1.3,1,,0,4,0.26,0.13
250,2012,2013-01-31,2012-12-03,East,1,6.1,62.5,17,27.2,1,1.3,1,,7,10,0.61,0.13
251,2012,2013-01-31,2012-12-03,East,2,5.1,47.5,20,42.1,1,1.0,0,,0,20,0.51,0.1
252,2012,2013-01-31,2012-12-03,East,3,5.3,40.0,23,57.5,1,2.0,1,,0,23,0.53,0.2
253,2012,2013-01-31,2012-12-03,East,4,4.0,47.0,19,40.4,1,1.6,0,,0,19,0.4,0.16
254,2012,2013-01-31,2012-12-03,East,5,5.3,54.0,16,29.6,1,0.8,0,,0,16,0.53,0.08
255,2012,2013-01-31,2012-12-03,East,6,6.5,48.0,32,66.7,1,1.1,0,,2,30,0.65,0.11
256,2012,2013-01-31,2012-12-03,East,7,6.4,54.0,27,50.0,1,1.7,1,,1,26,0.64,0.17
257,2012,2013-01-31,2012-12-03,East,8,1.9,22.0,3,13.6,1,0.8,0,,0,3,0.19,0.08
258,2012,2013-01-31,2012-12-03,East,9,4.8,50.0,5,10.0,1,1.2,0,,2,3,0.48,0.12
259,2012,2013-01-31,2012-12-03,East,10,3.5,29.0,5,17.2,1,1.1,0,,0,5,0.35,0.11
260,2012,2013-01-31,2012-12-03,East,11,6.2,55.0,22,40.0,1,2.0,1,,0,22,0.62,0.2
261,2012,2013-01-31,2012-12-03,East,12,4.6,51.5,18,35.0,1,1.8,0,,0,18,0.46,0.18
262,2012,2013-01-31,2012-12-03,East,13,4.4,51.0,23,45.1,1,1.8,1,,0,23,0.44,0.18
263,2012,2013-02-01,2012-12-03,East,14,5.0,59.0,48,81.4,1,1.1,1,,0,48,0.5,0.11
264,2012,2013-02-01,2012-12-03,East,15,4.4,58.0,31,53.4,1,1.1,1,,1,30,0.44,0.11
265,2012,2013-02-01,2012-12-03,East,16,4.7,52.0,23,44.2,1,1.0,1,,0,23,0.47,0.1
266,2012,2013-02-01,2012-12-03,East,17,4.0,41.0,22,53.7,1,2.1,1,,2,20,0.4,0.21
267,2012,2013-02-01,2012-12-03,East,18,4.8,47.0,32,68.1,1,1.0,0,,2,30,0.48,0.1
268,2012,2013-02-01,2012-12-03,East,19,5.6,47.0,5,10.6,1,2.4,1,,2,3,0.56,0.24
269,2012,2013-02-01,2012-12-03,East,20,3.7,47.0,9,19.1,1,0.5,0,,3,6,0.37,0.05
270,2012,2013-02-01,2012-12-03,East,21,4.2,42.0,9,21.4,1,2.0,1,,0,9,0.42,0.2
271,2012,2013-02-01,2012-12-03,East,22,5.6,46.0,13,28.3,1,2.6,1,,0,13,0.56,0.26
272,2012,2013-02-01,2012-12-03,East,23,3.1,42.0,17,40.5,1,1.0,0,,0,17,0.31,0.1
273,2012,2013-02-01,2012-12-03,East,24,5.2,45.0,22,48.9,1,1.5,1,,1,21,0.52,0.15
274,2012,2013-02-01,2012-12-03,East,25,3.8,39.0,5,12.8,1,1.3,1,,0,5,0.38,0.13
275,2012,2013-02-01,2012-12-03,East,26,4.4,34.0,17,50.0,1,2.7,1,,0,17,0.44,0.27
276,2012,2013-02-01,2012-12-03,East,27,6.1,33.0,34,103.0,1,2.6,1,,0,34,0.61,0.26
277,2012,2013-02-01,2012-12-03,East,28,4.2,44.0,8,18.2,1,1.6,1,,0,8,0.42,0.16
278,2012,2013-02-01,2012-12-03,East,29,4.0,40.0,37,92.5,1,1.9,0,,0,37,0.4,0.19
279,2012,2013-02-01,2012-12-03,East,30,4.3,38.0,4,10.5,1,1.3,0,,1,3,0.43,0.13
280,2012,2013-02-01,2012-12-03,East,31,4.4,39.0,17,43.6,1,0.9,0,,1,16,0.44,0.09
281,2012,2013-02-01,2012-12-03,East,32,4.1,28.0,3,10.7,1,0.9,0,,3,0,0.41,0.09
282,2012,2013-02-01,2012-12-03,East,33,6.9,34.0,23,67.6,1,1.3,0,,0,23,0.69,0.13
283,2012,2013-02-01,2012-12-03,East,34,6.1,30.5,10,32.8,1,1.5,0,,7,3,0.61,0.15
284,2012,2013-02-01,2012-12-03,East,35,4.7,43.0,19,44.2,1,1.4,0,,0,18,0.47,0.14
285,2012,2013-02-01,2012-12-03,East,36,5.1,39.0,7,17.9,1,2.2,0,,1,6,0.51,0.22
286,2012,2013-02-01,2012-12-03,East,37,3.9,29.0,10,34.5,1,0.9,0,,0,10,0.39,0.09
287,2012,2013-02-01,2012-12-03,East,38,3.6,29.5,9,30.5,1,1.8,0,,0,9,0.36,0.18
288,2012,2013-02-01,2012-12-03,East,39,5.4,38.0,17,44.7,1,1.6,0,,4,13,0.54,0.16
289,2012,2013-02-01,2012-12-03,East,40,4.0,37.0,8,21.6,1,0.9,0,,2,6,0.4,0.09
290,2012,2013-02-01,2012-12-03,East,41,3.8,29.0,22,75.9,1,1.1,0,,0,22,0.38,0.11
291,2012,2013-02-01,2012-12-03,East,42,3.4,33.5,15,44.8,1,1.0,0,,0,15,0.34,0.1
292,2012,2013-02-01,2012-12-03,East,43,5.9,39.0,8,20.5,1,2.1,1,,1,7,0.59,0.21
293,2012,2013-02-01,2012-12-03,East,44,3.8,31.5,20,63.5,1,1.5,0,,0,20,0.38,0.15
294,2012,2013-02-01,2012-12-03,East,45,3.3,30.0,12,40.0,1,1.2,1,,0,12,0.33,0.12
295,2012,2013-02-01,2012-12-03,East,46,3.8,31.0,14,45.2,1,2.0,1,,0,14,0.38,0.2
296,2012,2013-02-01,2012-12-03,East,47,3.1,27.5,10,36.4,1,0.6,0,,2,8,0.31,0.06
297,2012,2013-02-01,2012-12-03,East,48,2.4,25.0,10,40.0,1,1.4,0,,0,10,0.24,0.14
298,2012,2013-02-01,2012-12-03,East,49,4.3,26.0,12,46.2,1,2.5,1,,1,11,0.43,0.25
299,2012,2013-02-01,2012-12-03,East,50,4.2,22.5,11,48.9,1,3.0,1,,2,9,0.42,0.3
300,2013,2013-11-12,2013-11-07,USFS-West,1,2.1,20.0,0,0.0,0,,0,,0,0,0.21,
301,2013,2013-11-12,2013-11-07,USFS-West,2,2.6,21.0,0,0.0,0,,0,,0,0,0.26,
302,2013,2013-11-12,2013-11-07,USFS-West,3,2.9,19.5,0,0.0,0,,0,,0,0,0.29,
303,2013,2013-11-12,2013-11-07,USFS-West,4,2.6,16.0,0,0.0,0,,0,,0,0,0.26,
304,2013,2013-11-12,2013-11-07,USFS-West,5,1.9,19.0,0,0.0,0,,0,,0,0,0.19,
305,2013,2013-11-12,2013-11-07,USFS-West,6,3.5,25.0,0,0.0,0,,0,,0,0,0.35,
306,2013,2013-11-12,2013-11-07,USFS-West,7,2.3,24.0,0,0.0,0,,0,,0,0,0.23,
307,2013,2013-11-12,2013-11-07,USFS-West,8,2.0,16.5,0,0.0,0,,0,,0,0,0.2,
308,2013,2013-11-12,2013-11-07,USFS-West,9,2.2,14.0,0,0.0,0,,0,,0,0,0.22,
309,2013,2013-11-12,2013-11-07,USFS-West,10,2.0,15.5,0,0.0,0,,0,,0,0,0.2,
310,2013,2013-11-12,2013-11-07,USFS-West,11,1.7,14.5,0,0.0,0,,0,,0,0,0.17,
311,2013,2013-11-12,2013-11-07,USFS-West,12,1.7,7.5,0,0.0,0,,0,,0,0,0.17,
312,2013,2013-11-12,2013-11-07,USFS-West,13,2.5,16.5,0,0.0,0,,0,,0,0,0.25,
313,2013,2013-11-12,2013-11-07,USFS-West,14,2.8,17.0,0,0.0,0,,0,,0,0,0.28,
314,2013,2013-11-12,2013-11-07,USFS-West,15,1.7,13.5,0,0.0,0,,0,,0,0,0.17,
315,2013,2013-11-12,2013-11-07,USFS-West,16,2.6,15.5,0,0.0,0,,0,,0,0,0.26,
316,2013,2013-11-12,2013-11-07,USFS-West,17,1.5,9.0,0,0.0,0,,0,,0,0,0.15,
317,2013,2013-11-12,2013-11-07,USFS-West,18,2.5,15.0,0,0.0,0,,0,,0,0,0.25,
318,2013,2013-11-12,2013-11-07,USFS-West,19,2.7,20.5,0,0.0,0,,0,,0,0,0.27,
319,2013,2013-11-12,2013-11-07,USFS-West,20,1.6,9.0,0,0.0,0,,0,,0,0,0.16,
320,2013,2013-11-13,2013-11-07,USFS-South,1,2.0,14.0,0,0.0,0,,0,,0,0,0.2,
321,2013,2013-11-13,2013-11-07,USFS-South,2,1.9,11.0,0,0.0,0,,0,,0,0,0.19,
322,2013,2013-11-13,2013-11-07,USFS-South,3,1.4,11.0,0,0.0,0,,0,,0,0,0.14,
323,2013,2013-11-13,2013-11-07,USFS-South,4,2.1,15.5,0,0.0,0,,0,,0,0,0.21,
324,2013,2013-11-13,2013-11-07,USFS-South,5,2.2,18.5,0,0.0,0,,0,,0,0,0.22,
325,2013,2013-11-13,2013-11-07,USFS-South,6,2.1,15.0,0,0.0,0,,0,,0,0,0.21,
326,2013,2013-11-13,2013-11-07,USFS-South,7,1.5,13.0,0,0.0,0,,0,,0,0,0.15,
327,2013,2013-11-13,2013-11-07,USFS-South,8,2.4,10.0,0,0.0,0,,0,,0,0,0.24,
328,2013,2013-11-13,2013-11-07,USFS-South,9,2.3,12.0,0,0.0,0,,0,,0,0,0.23,
329,2013,2013-11-13,2013-11-07,USFS-South,10,2.4,10.0,0,0.0,0,,0,,0,0,0.24,
330,2013,2013-11-13,2013-11-07,USFS-South,11,1.6,10.0,0,0.0,0,,0,,0,0,0.16,
331,2013,2013-11-13,2013-11-07,USFS-South,12,3.6,28.5,0,0.0,0,,0,,0,0,0.36,
332,2013,2013-11-13,2013-11-07,USFS-South,13,2.4,30.0,0,0.0,0,,0,,0,0,0.24,
333,2013,2013-11-13,2013-11-07,USFS-South,14,2.1,19.0,0,0.0,0,,0,,0,0,0.21,
334,2013,2013-11-13,2013-11-07,USFS-South,15,1.6,11.5,0,0.0,0,,0,,0,0,0.16,
335,2013,2013-11-13,2013-11-07,USFS-South,16,1.9,12.0,0,0.0,0,,0,,0,0,0.19,
336,2013,2013-11-13,2013-11-07,USFS-South,17,2.9,20.5,0,0.0,0,,0,,0,0,0.29,
337,2013,2013-11-13,2013-11-07,USFS-South,18,1.5,11.0,0,0.0,0,,0,,0,0,0.15,
338,2013,2013-11-13,2013-11-07,USFS-South,19,2.1,11.0,0,0.0,0,,0,,0,0,0.21,
339,2013,2013-11-13,2013-11-07,USFS-South,20,1.8,14.0,0,0.0,0,,0,,0,0,0.18,
340,2013,2013-11-13,2013-11-07,USFS-North,1,2.7,23.5,0,0.0,0,,0,,0,0,0.27,
341,2013,2013-11-13,2013-11-07,USFS-North,2,2.4,9.0,0,0.0,0,,0,,0,0,0.24,
342,2013,2013-11-13,2013-11-07,USFS-North,3,3.6,19.0,0,0.0,0,,0,,0,0,0.36,
343,2013,2013-11-13,2013-11-07,USFS-North,4,2.1,16.5,0,0.0,0,,0,,0,0,0.21,
344,2013,2013-11-13,2013-11-07,USFS-North,5,2.2,12.0,0,0.0,0,,0,,0,0,0.22,
345,2013,2013-11-13,2013-11-07,USFS-North,6,3.0,13.5,0,0.0,0,,0,,0,0,0.3,
346,2013,2013-11-13,2013-11-07,USFS-North,7,1.7,10.5,0,0.0,0,,0,,0,0,0.17,
347,2013,2013-11-13,2013-11-07,USFS-North,8,2.3,12.0,0,0.0,0,,0,,0,0,0.23,
348,2013,2013-11-13,2013-11-07,USFS-North,9,2.0,6.0,0,0.0,0,,0,,0,0,0.2,
349,2013,2013-11-13,2013-11-07,USFS-North,10,1.8,11.0,0,0.0,0,,0,,0,0,0.18,
350,2013,2013-11-13,2013-11-07,USFS-North,11,1.8,6.5,0,0.0,0,,0,,0,0,0.18,
351,2013,2013-11-13,2013-11-07,USFS-North,12,1.6,12.5,0,0.0,0,,0,,0,0,0.16,
352,2013,2013-11-13,2013-11-07,USFS-North,13,1.7,7.5,0,0.0,0,,0,,0,0,0.17,
353,2013,2013-11-13,2013-11-07,USFS-North,14,1.8,14.0,0,0.0,0,,0,,0,0,0.18,
354,2013,2013-11-13,2013-11-07,USFS-North,15,2.4,12.5,0,0.0,0,,0,,0,0,0.24,
355,2013,2013-11-13,2013-11-07,USFS-North,16,2.3,11.5,0,0.0,0,,0,,0,0,0.23,
356,2013,2013-11-13,2013-11-07,USFS-North,17,2.6,13.5,0,0.0,0,,0,,0,0,0.26,
357,2013,2013-11-13,2013-11-07,USFS-North,18,1.4,7.0,0,0.0,0,,0,,0,0,0.14,
358,2013,2013-11-13,2013-11-07,USFS-North,19,1.6,12.0,0,0.0,0,,0,,0,0,0.16,
359,2013,2013-11-13,2013-11-07,USFS-North,20,2.6,7.0,0,0.0,0,,0,,0,0,0.26,
360,2013,2013-11-13,2013-11-07,Center,1,2.3,11.5,0,0.0,0,,0,,0,0,0.23,
361,2013,2013-11-13,2013-11-07,Center,2,2.2,13.0,0,0.0,0,,0,,0,0,0.22,
362,2013,2013-11-13,2013-11-07,Center,3,2.6,22.0,0,0.0,0,,0,,0,0,0.26,
363,2013,2013-11-13,2013-11-07,Center,4,2.8,14.5,0,0.0,0,,0,,0,0,0.28,
364,2013,2013-11-13,2013-11-07,Center,5,1.9,10.5,0,0.0,0,,0,,0,0,0.19,
365,2013,2013-11-13,2013-11-07,Center,6,2.7,10.0,0,0.0,0,,0,,0,0,0.27,
366,2013,2013-11-13,2013-11-07,Center,7,2.3,8.0,0,0.0,0,,0,,0,0,0.23,
367,2013,2013-11-13,2013-11-07,Center,8,3.5,21.0,0,0.0,0,,0,,0,0,0.35,
368,2013,2013-11-13,2013-11-07,Center,9,3.2,15.5,0,0.0,0,,0,,0,0,0.32,
369,2013,2013-11-13,2013-11-07,Center,10,2.1,19.0,0,0.0,0,,0,,0,0,0.21,
370,2013,2013-11-13,2013-11-07,Center,11,3.0,20.0,0,0.0,0,,0,,0,0,0.3,
371,2013,2013-11-13,2013-11-07,Center,12,3.9,25.0,0,0.0,0,,0,,0,0,0.39,
372,2013,2013-11-13,2013-11-07,Center,13,2.7,13.0,0,0.0,0,,0,,0,0,0.27,
373,2013,2013-11-13,2013-11-07,Center,14,3.1,23.5,0,0.0,0,,0,,0,0,0.31,
374,2013,2013-11-13,2013-11-07,Center,15,2.5,14.5,0,0.0,0,,0,,0,0,0.25,
375,2013,2013-11-13,2013-11-07,Center,16,1.7,13.0,0,0.0,0,,0,,0,0,0.17,
376,2013,2013-11-13,2013-11-07,Center,17,1.9,18.0,0,0.0,0,,0,,0,0,0.19,
377,2013,2013-11-13,2013-11-07,Center,18,2.3,8.5,0,0.0,0,,0,,0,0,0.23,
378,2013,2013-11-13,2013-11-07,Center,19,2.1,13.0,0,0.0,0,,0,,0,0,0.21,
379,2013,2013-11-14,2013-11-07,West,1,2.4,9.5,0,0.0,0,,0,,0,0,0.24,
380,2013,2013-11-14,2013-11-07,West,2,3.1,16.5,0,0.0,0,,0,,0,0,0.31,
381,2013,2013-11-14,2013-11-07,West,3,2.6,4.0,0,0.0,0,,0,,0,0,0.26,
382,2013,2013-11-14,2013-11-07,West,4,1.6,8.5,0,0.0,0,,0,,0,0,0.16,
383,2013,2013-11-14,2013-11-07,West,5,2.4,11.0,0,0.0,0,,0,,0,0,0.24,
384,2013,2013-11-14,2013-11-07,West,6,1.9,13.0,0,0.0,0,,0,,0,0,0.19,
385,2013,2013-11-14,2013-11-07,West,7,2.5,12.5,0,0.0,0,,0,,0,0,0.25,
386,2013,2013-11-14,2013-11-07,West,8,1.8,11.0,0,0.0,0,,0,,0,0,0.18,
387,2013,2013-11-14,2013-11-07,West,9,2.0,11.0,0,0.0,0,,0,,0,0,0.2,
388,2013,2013-11-14,2013-11-07,West,10,2.3,11.0,0,0.0,0,,0,,0,0,0.23,
389,2013,2013-11-14,2013-11-07,West,11,2.3,13.0,0,0.0,0,,0,,0,0,0.23,
390,2013,2013-11-14,2013-11-07,West,12,1.7,8.5,0,0.0,0,,0,,0,0,0.17,
391,2013,2013-11-14,2013-11-07,West,13,1.8,8.0,0,0.0,0,,0,,0,0,0.18,
392,2013,2013-11-14,2013-11-07,West,14,3.1,14.5,0,0.0,0,,0,,0,0,0.31,
393,2013,2013-11-14,2013-11-07,West,15,2.4,10.0,0,0.0,0,,0,,0,0,0.24,
394,2013,2013-11-14,2013-11-07,West,16,2.1,12.5,0,0.0,0,,0,,0,0,0.21,
395,2013,2013-11-14,2013-11-07,West,17,1.7,7.5,0,0.0,0,,0,,0,0,0.17,
396,2013,2013-11-14,2013-11-07,West,18,2.6,9.0,0,0.0,0,,0,,0,0,0.26,
397,2013,2013-11-14,2013-11-07,West,19,1.5,12.0,0,0.0,0,,0,,0,0,0.15,
398,2013,2013-11-14,2013-11-07,West,20,1.7,14.0,0,0.0,0,,0,,0,0,0.17,
399,2013,2013-11-15,2013-11-07,East,1,1.8,12.0,0,0.0,0,,0,,0,0,0.18,
400,2013,2013-11-15,2013-11-07,East,2,2.6,8.0,0,0.0,0,,0,,0,0,0.26,
401,2013,2013-11-15,2013-11-07,East,3,2.0,6.0,0,0.0,0,,0,,0,0,0.2,
402,2013,2013-11-15,2013-11-07,East,4,2.2,10.5,0,0.0,0,,0,,0,0,0.22,
403,2013,2013-11-15,2013-11-07,East,5,2.7,5.0,0,0.0,0,,0,,0,0,0.27,
404,2013,2013-11-15,2013-11-07,East,6,2.1,18.0,0,0.0,0,,0,,0,0,0.21,
405,2013,2013-11-15,2013-11-07,East,7,2.4,13.0,0,0.0,0,,0,,0,0,0.24,
406,2013,2013-11-15,2013-11-07,East,8,1.8,9.0,0,0.0,0,,0,,0,0,0.18,
407,2013,2013-11-15,2013-11-07,East,9,1.6,12.0,0,0.0,0,,0,,0,0,0.16,
408,2013,2013-11-15,2013-11-07,East,10,2.1,9.0,0,0.0,0,,0,,0,0,0.21,
409,2013,2013-11-15,2013-11-07,East,11,2.8,16.5,0,0.0,0,,0,,0,0,0.28,
410,2013,2013-11-15,2013-11-07,East,12,1.4,5.0,0,0.0,0,,0,,0,0,0.14,
411,2013,2013-11-15,2013-11-07,East,13,2.2,10.0,0,0.0,0,,0,,0,0,0.22,
412,2013,2013-11-15,2013-11-07,East,14,1.8,11.0,0,0.0,0,,0,,0,0,0.18,
413,2013,2013-11-15,2013-11-07,East,15,2.0,4.0,0,0.0,0,,0,,0,0,0.2,
414,2013,2013-11-15,2013-11-07,East,16,1.9,2.0,0,0.0,0,,0,,0,0,0.19,
415,2013,2013-11-15,2013-11-07,East,17,2.1,13.0,0,0.0,0,,0,,0,0,0.21,
416,2013,2013-11-15,2013-11-07,East,18,2.4,5.0,0,0.0,0,,0,,0,0,0.24,
417,2013,2013-11-15,2013-11-07,East,19,1.6,13.0,0,0.0,0,,0,,0,0,0.16,
418,2013,2013-11-15,2013-11-07,East,20,2.7,8.0,0,0.0,0,,0,,0,0,0.27,
419,2014,2015-06-10,2015-05-18,Center,1,7.0,91.0,0,0.0,0,,1,8.0,0,0,0.7,
420,2014,2015-06-10,2015-05-18,Center,7,4.2,38.0,0,0.0,0,,1,,0,0,0.42,
421,2014,2015-06-10,2015-05-18,Center,8,5.3,45.0,0,0.0,0,,1,,0,0,0.53,
422,2014,2015-06-10,2015-05-18,Center,9,6.7,56.0,0,0.0,0,,1,,0,0,0.67,
423,2014,2015-06-10,2015-05-18,Center,11,7.3,54.0,0,0.0,0,,1,,0,0,0.73,
424,2014,2015-06-10,2015-05-18,Center,12,8.8,70.0,0,0.0,0,,1,49.0,0,0,0.88,
425,2014,2015-06-10,2015-05-18,Center,14,4.5,55.0,0,0.0,0,,1,,0,0,0.45,
426,2014,2015-06-10,2015-05-18,Center,15,4.4,78.0,0,0.0,0,,1,,0,0,0.44,
427,2014,2015-06-10,2015-05-18,Center,16,5.3,57.0,0,0.0,0,,1,,0,0,0.53,
428,2014,2015-06-10,2015-05-18,Center,20,6.4,47.0,0,0.0,0,,1,,0,0,0.64,
429,2014,2015-06-10,2015-05-18,Center,21,6.2,44.0,0,0.0,0,,1,,0,0,0.62,
430,2014,2015-06-10,2015-05-18,Center,24,5.6,66.0,0,0.0,0,,1,,0,0,0.56,
431,2014,2015-06-10,2015-05-18,Center,25,5.5,49.0,0,0.0,0,,1,33.0,0,0,0.55,
432,2014,2015-06-10,2015-05-18,Center,29,5.2,68.0,0,0.0,0,,1,,0,0,0.52,
433,2014,2015-06-10,2015-05-18,Center,30,8.4,59.0,0,0.0,0,,1,,0,0,0.84,
434,2014,2015-06-10,2015-05-18,Center,34,5.4,48.0,0,0.0,0,,1,,0,0,0.54,
435,2014,2015-06-10,2015-05-18,Center,35,7.3,58.0,0,0.0,0,,1,,0,0,0.73,
436,2014,2015-06-10,2015-05-18,Center,37,6.8,45.0,0,0.0,0,,1,45.0,0,0,0.68,
437,2014,2015-06-10,2015-05-18,Center,38,2.8,40.0,0,0.0,0,,1,,0,0,0.28,
438,2014,2015-06-10,2015-05-18,Center,41,3.4,34.0,0,0.0,0,,1,,0,0,0.34,
439,2014,2015-06-10,2015-05-18,Center,42,6.0,43.0,0,0.0,0,,1,,0,0,0.6,
440,2014,2015-06-10,2015-05-18,Center,43,2.7,17.0,0,0.0,0,,1,,0,0,0.27,
441,2014,2015-06-10,2015-05-18,Center,45,7.5,32.0,0,0.0,0,,1,87.0,0,0,0.75,
442,2014,2015-06-10,2015-05-18,Center,52,5.0,53.0,0,0.0,0,,1,,0,0,0.5,
443,2014,2015-06-10,2015-05-18,Center,53,3.2,41.0,0,0.0,0,,1,,0,0,0.32,
444,2014,2015-06-10,2015-05-18,Center,56,3.3,27.0,0,0.0,0,,1,,0,0,0.33,
445,2014,2015-06-10,2015-05-18,Center,57,4.1,31.0,0,0.0,0,,1,,0,0,0.41,
446,2014,2015-06-10,2015-05-18,Center,58,6.3,39.0,0,0.0,0,,1,79.0,0,0,0.63,
447,2014,2015-06-10,2015-05-18,Center,59,9.1,70.0,0,0.0,0,,1,116.0,0,0,0.91,
448,2014,2015-06-10,2015-05-18,Center,65,3.8,74.0,0,0.0,0,,1,,0,0,0.38,
449,2014,2015-06-10,2015-05-18,Center,66,5.5,46.0,0,0.0,0,,1,,0,0,0.55,
450,2014,2015-06-10,2015-05-18,Center,69,4.3,49.0,0,0.0,0,,1,,0,0,0.43,
451,2014,2015-06-10,2015-05-18,Center,73,6.3,61.0,0,0.0,0,,1,,0,0,0.63,
452,2014,2015-06-10,2015-05-18,Center,76,5.7,44.0,0,0.0,0,,1,,0,0,0.57,
453,2014,2015-06-10,2015-05-18,Center,77,3.7,60.0,0,0.0,0,,1,,0,0,0.37,
454,2014,2015-06-10,2015-05-18,Center,78,7.6,58.0,0,0.0,0,,1,128.0,0,0,0.76,
455,2014,2015-06-10,2015-05-18,Center,79,6.1,52.0,0,0.0,0,,1,,0,0,0.61,
456,2014,2015-06-10,2015-05-18,Center,80,7.6,50.0,0,0.0,0,,1,,0,0,0.76,
457,2014,2015-06-10,2015-05-18,Center,81,5.9,42.0,0,0.0,0,,1,,0,0,0.59,
458,2014,2015-06-10,2015-05-18,Center,82,6.6,48.0,0,0.0,0,,1,,0,0,0.66,
459,2014,2015-06-10,2015-05-18,Center,88,3.7,33.0,0,0.0,0,,1,,0,0,0.37,
460,2014,2015-06-10,2015-05-18,Center,89,7.9,59.0,0,0.0,0,,1,,0,0,0.79,
461,2014,2015-06-10,2015-05-18,Center,90,6.6,48.0,0,0.0,0,,1,,0,0,0.66,
462,2014,2015-06-10,2015-05-18,Center,100,5.1,41.0,0,0.0,0,,1,,0,0,0.51,
463,2014,2015-06-10,2015-05-18,Center,104,3.8,28.0,0,0.0,0,,1,32.0,0,0,0.38,
464,2014,2015-06-10,2015-05-18,Center,105,5.6,57.0,0,0.0,0,,1,,0,0,0.56,
465,2014,2015-06-10,2015-05-18,Center,106,5.8,34.0,0,0.0,0,,1,37.0,0,0,0.58,
466,2014,2015-06-10,2015-05-18,Center,107,6.8,46.0,0,0.0,0,,1,,0,0,0.68,
467,2014,2015-06-10,2015-05-18,Center,108,4.9,49.0,0,0.0,0,,1,13.0,0,0,0.49,
468,2014,2015-06-10,2015-05-18,Center,123,5.4,34.0,0,0.0,0,,1,,0,0,0.54,
469,2014,2015-06-10,2015-05-18,Center,124,5.1,36.0,0,0.0,0,,1,,0,0,0.51,
470,2014,2015-06-10,2015-05-18,Center,125,4.1,45.0,0,0.0,0,,1,,0,0,0.41,
471,2014,2015-06-10,2015-05-18,Center,126,6.3,35.0,0,0.0,0,,1,,0,0,0.63,
472,2014,2015-06-10,2015-05-18,Center,127,5.2,33.0,0,0.0,0,,1,,0,0,0.52,
473,2014,2015-06-10,2015-05-18,Center,128,2.6,27.0,4,14.8,1,,1,,4,0,0.26,
474,2014,2015-06-10,2015-05-18,Center,129,4.5,28.0,0,0.0,0,,1,,0,0,0.45,
475,2014,2015-06-10,2015-05-18,Center,130,6.2,32.0,0,0.0,0,,1,,0,0,0.62,
476,2014,2015-06-10,2015-05-18,Center,131,4.1,33.0,0,0.0,0,,1,,0,0,0.41,
477,2014,2015-06-10,2015-05-18,Center,132,4.9,32.0,0,0.0,0,,1,,0,0,0.49,
478,2014,2015-06-10,2015-05-18,Center,133,3.5,17.0,0,0.0,0,,1,,0,0,0.35,
479,2014,2015-06-10,2015-05-18,Center,134,2.9,22.0,0,0.0,0,,1,,0,0,0.29,
480,2014,2015-06-10,2015-05-18,Center,135,2.3,13.0,0,0.0,0,,1,,0,0,0.23,
481,2014,2015-06-10,2015-05-18,Center,136,3.1,24.0,0,0.0,0,,1,,0,0,0.31,
482,2014,2015-06-16,2015-05-18,West,2,4.5,38.0,0,0.0,0,,1,,0,0,0.45,
483,2014,2015-06-16,2015-05-18,West,5,6.0,77.0,0,0.0,0,,1,,0,0,0.6,
484,2014,2015-06-16,2015-05-18,West,6,5.8,84.0,0,0.0,0,,1,,0,0,0.58,
485,2014,2015-06-16,2015-05-18,West,10,4.7,28.0,0,0.0,0,,1,,0,0,0.47,
486,2014,2015-06-16,2015-05-18,West,11,4.8,28.0,1,3.6,1,,1,28.0,1,0,0.48,
487,2014,2015-06-16,2015-05-18,West,12,3.5,36.0,0,0.0,0,,1,,0,0,0.35,
488,2014,2015-06-16,2015-05-18,West,13,3.9,29.0,0,0.0,0,,1,,0,0,0.39,
489,2014,2015-06-16,2015-05-18,West,14,4.6,23.0,0,0.0,0,,1,16.0,0,0,0.46,
490,2014,2015-06-16,2015-05-18,West,15,3.6,18.0,0,0.0,0,,1,,0,0,0.36,
491,2014,2015-06-16,2015-05-18,West,16,7.7,54.0,6,11.1,1,,1,,6,0,0.77,
492,2014,2015-06-16,2015-05-18,West,18,4.0,34.0,2,5.9,1,,1,,2,0,0.4,
493,2014,2015-06-16,2015-05-18,West,21,4.5,30.0,0,0.0,0,,1,,0,0,0.45,
494,2014,2015-06-16,2015-05-18,West,22,10.8,10.0,0,0.0,0,,1,,0,0,1.08,
495,2014,2015-06-16,2015-05-18,West,23,3.0,38.0,0,0.0,0,,1,,0,0,0.3,
496,2014,2015-06-16,2015-05-18,West,24,4.0,31.0,0,0.0,0,,1,,0,0,0.4,
497,2014,2015-06-16,2015-05-18,West,25,5.7,47.0,0,0.0,0,,1,,0,0,0.57,
498,2014,2015-06-16,2015-05-18,West,27,5.2,32.0,0,0.0,0,,1,,0,0,0.52,
499,2014,2015-06-16,2015-05-18,West,35,5.0,73.0,0,0.0,0,,1,,0,0,0.5,
500,2014,2015-06-16,2015-05-18,West,36,8.8,68.0,0,0.0,0,,1,23.0,0,0,0.88,
501,2014,2015-06-16,2015-05-18,West,37,3.0,27.0,0,0.0,0,,1,,0,0,0.3,
502,2014,2015-06-16,2015-05-18,West,41,7.6,64.0,0,0.0,0,,1,129.0,0,0,0.76,
503,2014,2015-06-16,2015-05-18,West,42,7.3,65.0,0,0.0,0,,1,,0,0,0.73,
504,2014,2015-06-16,2015-05-18,West,43,5.6,61.0,0,0.0,0,,1,28.0,0,0,0.56,
505,2014,2015-06-16,2015-05-18,West,44,3.4,30.0,0,0.0,0,,1,,0,0,0.34,
506,2014,2015-06-16,2015-05-18,West,46,4.8,49.0,0,0.0,0,,1,,0,0,0.48,
507,2014,2015-06-16,2015-05-18,West,47,3.5,28.0,0,0.0,0,,1,,0,0,0.35,
508,2014,2015-06-16,2015-05-18,West,48,4.4,51.0,0,0.0,0,,1,,0,0,0.44,
509,2014,2015-06-16,2015-05-18,West,49,3.6,21.0,0,0.0,0,,1,,0,0,0.36,
510,2014,2015-06-16,2015-05-18,West,52,5.1,44.0,0,0.0,0,,1,,0,0,0.51,
511,2014,2015-06-16,2015-05-18,West,54,7.0,49.0,0,0.0,0,,1,,0,0,0.7,
512,2014,2015-06-16,2015-05-18,West,55,3.4,41.0,0,0.0,0,,1,,0,0,0.34,
513,2014,2015-06-16,2015-05-18,West,56,3.7,44.0,0,0.0,0,,1,,0,0,0.37,
514,2014,2015-06-16,2015-05-18,West,57,5.2,40.0,0,0.0,0,,1,25.0,0,0,0.52,
515,2014,2015-06-16,2015-05-18,West,58,3.6,54.0,0,0.0,0,,1,,0,0,0.36,
516,2014,2015-06-16,2015-05-18,West,59,2.7,42.0,0,0.0,0,,1,,0,0,0.27,
517,2014,2015-06-16,2015-05-18,West,60,2.9,22.0,0,0.0,0,,1,,0,0,0.29,
518,2014,2015-06-16,2015-05-18,West,61,3.8,27.0,0,0.0,0,,1,,0,0,0.38,
519,2014,2015-06-16,2015-05-18,West,62,6.8,52.0,0,0.0,0,,1,,0,0,0.68,
520,2014,2015-06-16,2015-05-18,West,63,7.6,57.0,0,0.0,0,,1,,0,0,0.76,
521,2014,2015-06-16,2015-05-18,West,67,9.2,67.0,0,0.0,0,,1,30.0,0,0,0.92,
522,2014,2015-06-16,2015-05-18,West,71,5.3,30.0,0,0.0,0,,1,,0,0,0.53,
523,2014,2015-06-16,2015-05-18,West,72,5.9,64.0,0,0.0,0,,1,41.0,0,0,0.59,
524,2014,2015-06-16,2015-05-18,West,73,6.7,57.0,0,0.0,0,,1,,0,0,0.67,
525,2014,2015-06-16,2015-05-18,West,74,6.0,41.0,0,0.0,0,,1,9.0,0,0,0.6,
526,2014,2015-06-16,2015-05-18,West,75,6.5,46.0,0,0.0,0,,1,,0,0,0.65,
527,2014,2015-06-16,2015-05-18,West,79,5.4,59.0,0,0.0,0,,1,,0,0,0.54,
528,2014,2015-06-16,2015-05-18,West,83,6.7,62.0,0,0.0,0,,1,35.0,0,0,0.67,
529,2014,2015-06-16,2015-05-18,West,84,6.2,67.0,0,0.0,0,,1,86.0,0,0,0.62,
530,2014,2015-06-16,2015-05-18,West,85,8.1,63.0,0,0.0,0,,1,47.0,0,0,0.81,
531,2014,2015-06-16,2015-05-18,West,88,6.2,44.0,0,0.0,0,,1,33.0,0,0,0.62,
532,2014,2015-06-16,2015-05-18,West,90,4.8,43.0,0,0.0,0,,1,,0,0,0.48,
533,2014,2015-06-16,2015-05-18,West,91,3.4,23.0,0,0.0,0,,1,,0,0,0.34,
534,2014,2015-06-16,2015-05-18,West,92,5.3,47.0,0,0.0,0,,1,22.0,0,0,0.53,
535,2014,2015-06-16,2015-05-18,West,99,3.9,31.0,0,0.0,0,,1,,0,0,0.39,
536,2014,2015-06-16,2015-05-18,West,100,4.8,41.0,0,0.0,0,,1,,0,0,0.48,
537,2014,2015-06-16,2015-05-18,West,101,7.5,64.0,0,0.0,0,,1,,0,0,0.75,
538,2014,2015-06-16,2015-05-18,West,111,3.1,36.0,0,0.0,0,,1,,0,0,0.31,
539,2014,2015-06-16,2015-05-18,West,112,5.9,25.0,0,0.0,0,,1,,0,0,0.59,
540,2014,2015-06-16,2015-05-18,West,115,5.3,47.0,0,0.0,0,,1,,0,0,0.53,
541,2014,2015-06-16,2015-05-18,West,116,5.8,38.0,0,0.0,0,,1,46.0,0,0,0.58,
542,2014,2015-06-16,2015-05-18,West,117,3.3,25.0,0,0.0,0,,1,,0,0,0.33,
543,2014,2015-06-16,2015-05-18,West,118,7.3,79.0,0,0.0,0,,1,50.0,0,0,0.73,
544,2014,2015-06-16,2015-05-18,West,119,7.5,81.0,0,0.0,0,,1,45.0,0,0,0.75,
545,2014,2015-06-16,2015-05-18,West,120,6.8,70.0,0,0.0,0,,1,76.0,0,0,0.68,
546,2014,2015-06-16,2015-05-18,West,125,5.0,34.0,0,0.0,0,,1,,0,0,0.5,
547,2014,2015-06-16,2015-05-18,West,126,5.5,39.0,0,0.0,0,,1,24.0,0,0,0.55,
548,2014,2015-06-16,2015-05-18,West,127,4.8,62.0,0,0.0,0,,1,,0,0,0.48,
549,2014,2015-06-16,2015-05-18,West,128,3.1,23.0,0,0.0,0,,1,,0,0,0.31,
550,2014,2015-06-16,2015-05-18,West,129,3.1,26.0,0,0.0,0,,1,,0,0,0.31,
551,2014,2015-06-16,2015-05-18,West,133,3.4,49.0,0,0.0,0,,1,,0,0,0.34,
552,2014,2015-06-16,2015-05-18,West,134,6.7,54.0,0,0.0,0,,1,19.0,0,0,0.67,
553,2014,2015-06-16,2015-05-18,West,135,7.6,57.0,0,0.0,0,,1,41.0,0,0,0.76,
554,2014,2015-06-16,2015-05-18,West,136,6.5,66.0,0,0.0,0,,1,17.0,0,0,0.65,
555,2014,2015-06-16,2015-05-18,West,137,7.7,70.0,0,0.0,0,,1,53.0,0,0,0.77,
556,2014,2015-06-16,2015-05-18,West,138,4.0,54.0,0,0.0,0,,1,,0,0,0.4,
557,2014,2015-06-16,2015-05-18,West,139,3.9,42.0,0,0.0,0,,1,,0,0,0.39,
558,2014,2015-06-16,2015-05-18,West,140,3.5,30.0,0,0.0,0,,1,,0,0,0.35,
559,2014,2015-06-16,2015-05-18,West,141,3.2,29.0,0,0.0,0,,1,,0,0,0.32,
560,2014,2015-06-26,2015-05-18,East,4,3.9,31.0,0,0.0,0,,1,,0,0,0.39,
561,2014,2015-06-26,2015-05-18,East,5,5.6,68.0,0,0.0,0,,1,,0,0,0.56,
562,2014,2015-06-26,2015-05-18,East,9,9.0,78.0,0,0.0,0,,1,,0,0,0.9,
563,2014,2015-06-26,2015-05-18,East,13,4.3,49.0,0,0.0,0,,1,,0,0,0.43,
564,2014,2015-06-26,2015-05-18,East,14,6.6,52.0,0,0.0,0,,1,,0,0,0.66,
565,2014,2015-06-26,2015-05-18,East,21,8.7,62.0,0,0.0,0,,1,58.0,0,0,0.87,
566,2014,2015-06-26,2015-05-18,East,22,6.7,57.0,0,0.0,0,,1,83.0,0,0,0.67,
567,2014,2015-06-26,2015-05-18,East,23,4.4,28.0,0,0.0,0,,1,,0,0,0.44,
568,2014,2015-06-26,2015-05-18,East,24,4.4,32.0,0,0.0,0,,1,,0,0,0.44,
569,2014,2015-06-26,2015-05-18,East,27,4.7,50.0,0,0.0,0,,1,,0,0,0.47,
570,2014,2015-06-26,2015-05-18,East,28,3.4,35.0,0,0.0,0,,1,,0,0,0.34,
571,2014,2015-06-26,2015-05-18,East,29,2.2,43.0,0,0.0,0,,1,,0,0,0.22,
572,2014,2015-06-26,2015-05-18,East,30,3.0,34.0,0,0.0,0,,1,,0,0,0.3,
573,2014,2015-06-26,2015-05-18,East,37,4.1,38.0,0,0.0,0,,1,,0,0,0.41,
574,2014,2015-06-26,2015-05-18,East,38,3.9,46.0,0,0.0,0,,1,33.0,0,0,0.39,
575,2014,2015-06-26,2015-05-18,East,39,5.0,69.0,0,0.0,0,,1,31.0,0,0,0.5,
576,2014,2015-06-26,2015-05-18,East,44,2.7,36.0,0,0.0,0,,1,,0,0,0.27,
577,2014,2015-06-26,2015-05-18,East,48,3.3,38.0,0,0.0,0,,1,,0,0,0.33,
578,2014,2015-06-26,2015-05-18,East,52,2.9,38.0,0,0.0,0,,1,,0,0,0.29,
579,2014,2015-06-26,2015-05-18,East,53,3.5,30.0,0,0.0,0,,1,,0,0,0.35,
580,2014,2015-06-26,2015-05-18,East,54,3.4,29.0,0,0.0,0,,1,,0,0,0.34,
581,2014,2015-06-26,2015-05-18,East,58,2.1,32.0,0,0.0,0,,1,,0,0,0.21,
582,2014,2015-06-26,2015-05-18,East,59,6.4,67.0,0,0.0,0,,1,,0,0,0.64,
583,2014,2015-06-26,2015-05-18,East,62,7.7,58.0,0,0.0,0,,1,44.0,0,0,0.77,
584,2014,2015-06-26,2015-05-18,East,66,4.6,60.0,0,0.0,0,,1,,0,0,0.46,
585,2014,2015-06-26,2015-05-18,East,67,4.8,49.0,0,0.0,0,,1,,0,0,0.48,
586,2014,2015-06-26,2015-05-18,East,68,4.4,41.0,0,0.0,0,,1,,0,0,0.44,
587,2014,2015-06-26,2015-05-18,East,69,5.6,67.0,0,0.0,0,,1,47.0,0,0,0.56,
588,2014,2015-06-26,2015-05-18,East,71,3.6,36.0,0,0.0,0,,1,,0,0,0.36,
589,2014,2015-06-26,2015-05-18,East,80,4.9,42.0,0,0.0,0,,1,,0,0,0.49,
590,2014,2015-06-26,2015-05-18,East,81,5.5,46.0,0,0.0,0,,1,,0,0,0.55,
591,2014,2015-06-26,2015-05-18,East,82,6.8,56.0,0,0.0,0,,1,18.0,0,0,0.68,
592,2014,2015-06-26,2015-05-18,East,86,4.8,52.0,0,0.0,0,,1,,0,0,0.48,
593,2014,2015-06-26,2015-05-18,East,87,3.1,36.0,0,0.0,0,,1,,0,0,0.31,
594,2014,2015-06-26,2015-05-18,East,90,2.5,14.0,0,0.0,0,,1,,0,0,0.25,
595,2014,2015-06-26,2015-05-18,East,93,6.8,59.0,0,0.0,0,,1,73.0,0,0,0.68,
596,2014,2015-06-26,2015-05-18,East,94,5.1,55.0,0,0.0,0,,1,13.0,0,0,0.51,
597,2014,2015-06-26,2015-05-18,East,95,3.5,26.0,0,0.0,0,,1,,0,0,0.35,
598,2014,2015-06-26,2015-05-18,East,98,6.5,51.0,0,0.0,0,,1,46.0,0,0,0.65,
599,2014,2015-06-26,2015-05-18,East,102,5.8,26.0,0,0.0,0,,1,,0,0,0.58,
600,2014,2015-06-26,2015-05-18,East,105,5.3,41.0,0,0.0,0,,1,,0,0,0.53,
601,2014,2015-06-26,2015-05-18,East,106,4.2,35.0,0,0.0,0,,1,,0,0,0.42,
602,2014,2015-06-26,2015-05-18,East,113,4.3,57.0,0,0.0,0,,1,,0,0,0.43,
603,2014,2015-06-26,2015-05-18,East,114,5.1,45.0,0,0.0,0,,1,,0,0,0.51,
604,2014,2015-06-26,2015-05-18,East,116,4.2,48.0,0,0.0,0,,1,,0,0,0.42,
605,2014,2015-06-26,2015-05-18,East,119,5.5,47.0,0,0.0,0,,1,,0,0,0.55,
606,2014,2015-06-26,2015-05-18,East,120,6.5,66.0,0,0.0,0,,1,,0,0,0.65,
607,2014,2015-06-26,2015-05-18,East,121,4.8,63.0,0,0.0,0,,1,,0,0,0.48,
608,2014,2015-06-26,2015-05-18,East,124,4.3,52.0,0,0.0,0,,1,,0,0,0.43,
609,2014,2015-06-26,2015-05-18,East,125,4.7,61.0,0,0.0,0,,1,,0,0,0.47,
610,2014,2015-06-26,2015-05-18,East,126,5.3,44.0,0,0.0,0,,1,32.0,0,0,0.53,
611,2014,2015-06-26,2015-05-18,East,130,5.1,55.0,0,0.0,0,,1,,0,0,0.51,
612,2014,2015-06-26,2015-05-18,East,131,4.0,43.0,0,0.0,0,,1,,0,0,0.4,
613,2014,2015-07-16,2015-05-19,USFS-South,6,3.0,40.0,0,0.0,0,,1,,0,0,0.3,
614,2014,2015-07-16,2015-05-19,USFS-South,11,4.0,24.0,0,0.0,0,,1,66.0,0,0,0.4,
615,2014,2015-07-16,2015-05-19,USFS-South,12,4.2,35.0,0,0.0,0,,1,59.0,0,0,0.42,
616,2014,2015-07-16,2015-05-19,USFS-South,13,5.3,31.0,0,0.0,0,,1,22.0,0,0,0.53,
617,2014,2015-07-16,2015-05-19,USFS-South,15,6.0,24.0,0,0.0,0,,1,60.0,0,0,0.6,
618,2014,2015-07-16,2015-05-19,USFS-South,17,5.0,63.0,0,0.0,0,,1,,0,0,0.5,
619,2014,2015-07-16,2015-05-19,USFS-South,18,4.3,58.0,0,0.0,0,,1,30.0,0,0,0.43,
620,2014,2015-07-16,2015-05-19,USFS-South,19,8.2,32.0,0,0.0,0,,1,110.0,0,0,0.82,
621,2014,2015-07-16,2015-05-19,USFS-South,24,4.4,31.0,0,0.0,0,,1,53.0,0,0,0.44,
622,2014,2015-07-16,2015-05-19,USFS-South,25,4.7,34.0,0,0.0,0,,1,,0,0,0.47,
623,2014,2015-07-16,2015-05-19,USFS-South,29,3.4,35.0,0,0.0,0,,1,,0,0,0.34,
624,2014,2015-07-16,2015-05-19,USFS-South,30,3.4,48.0,0,0.0,0,,1,,0,0,0.34,
625,2014,2015-07-16,2015-05-19,USFS-South,31,2.4,51.0,0,0.0,0,,1,,0,0,0.24,
626,2014,2015-07-16,2015-05-19,USFS-South,32,3.1,42.0,0,0.0,0,,1,,0,0,0.31,
627,2014,2015-07-16,2015-05-19,USFS-South,33,2.6,39.0,0,0.0,0,,1,,0,0,0.26,
628,2014,2015-07-23,2015-05-19,USFS-North,1,4.1,31.0,0,0.0,0,,1,49.0,0,0,0.41,
629,2014,2015-07-23,2015-05-19,USFS-North,6,5.2,50.0,0,0.0,0,,1,,0,0,0.52,
630,2014,2015-07-23,2015-05-19,USFS-North,18,6.1,51.0,0,0.0,0,,1,55.0,0,0,0.61,
631,2014,2015-07-23,2015-05-19,USFS-North,20,4.7,63.0,0,0.0,0,,1,,0,0,0.47,
632,2014,2015-07-23,2015-05-19,USFS-North,22,5.3,35.0,0,0.0,0,,1,22.0,0,0,0.53,
633,2014,2015-07-23,2015-05-19,USFS-North,25,6.2,51.0,0,0.0,0,,1,,0,0,0.62,
634,2014,2015-07-23,2015-05-19,USFS-North,26,3.7,38.0,0,0.0,0,,1,41.0,0,0,0.37,
635,2014,2015-07-23,2015-05-19,USFS-North,27,5.4,46.0,0,0.0,0,,1,42.0,0,0,0.54,
636,2014,2015-07-23,2015-05-19,USFS-North,28,4.1,40.0,0,0.0,0,,1,,0,0,0.41,
637,2014,2015-08-03,2015-05-19,USFS-West,10,4.4,56.0,0,0.0,0,,1,,0,0,0.44,
638,2014,2015-08-03,2015-05-19,USFS-West,11,7.4,30.0,0,0.0,0,,1,222.0,0,0,0.74,
639,2014,2015-08-03,2015-05-19,USFS-West,12,4.3,61.0,0,0.0,0,,1,,0,0,0.43,
640,2014,2015-08-03,2015-05-19,USFS-West,13,4.4,65.0,0,0.0,0,,1,68.0,0,0,0.44,
641,2014,2015-08-03,2015-05-19,USFS-West,14,6.7,27.0,0,0.0,0,,1,127.0,0,0,0.67,
642,2014,2015-08-03,2015-05-19,USFS-West,15,7.1,34.0,0,0.0,0,,1,155.0,0,0,0.71,
643,2014,2015-08-03,2015-05-19,USFS-West,16,6.2,10.0,0,0.0,0,,1,250.0,0,0,0.62,
644,2014,2015-08-03,2015-05-19,USFS-West,17,5.5,64.0,0,0.0,0,,1,,0,0,0.55,
645,2014,2015-08-03,2015-05-19,USFS-West,18,3.3,42.0,0,0.0,0,,1,,0,0,0.33,
646,2014,2015-08-03,2015-05-19,USFS-West,19,3.4,52.0,0,0.0,0,,1,,0,0,0.34,
647,2014,2015-08-03,2015-05-19,USFS-West,22,4.2,52.0,0,0.0,0,,1,14.0,0,0,0.42,
648,2014,2015-08-03,2015-05-19,USFS-West,23,3.0,39.0,0,0.0,0,,1,,0,0,0.3,
649,2014,2015-08-03,2015-05-19,USFS-West,24,2.6,33.0,0,0.0,0,,1,,0,0,0.26,
650,2014,2015-08-03,2015-05-19,USFS-West,25,3.0,36.0,0,0.0,0,,1,,0,0,0.3,
651,2014,2015-08-03,2015-05-19,USFS-West,26,4.3,37.0,0,0.0,0,,1,,0,0,0.43,
652,2014,2015-08-03,2015-05-19,USFS-West,27,3.4,50.0,0,0.0,0,,1,,0,0,0.34,
653,2014,2015-08-03,2015-05-19,USFS-West,28,2.4,43.0,0,0.0,0,,1,,0,0,0.24,
654,2014,2015-08-03,2015-05-19,USFS-West,29,2.5,35.0,0,0.0,0,,1,,0,0,0.25,
655,2014,2015-08-03,2015-05-19,USFS-West,30,3.1,35.0,0,0.0,0,,1,,0,0,0.31,
656,2014,2015-08-03,2015-05-19,USFS-West,31,4.0,37.0,0,0.0,0,,1,,0,0,0.4,
657,2014,2015-08-03,2015-05-19,USFS-West,32,3.8,24.0,0,0.0,0,,1,,0,0,0.38,
658,2014,2015-08-03,2015-05-19,USFS-West,33,4.6,16.0,0,0.0,0,,1,129.0,0,0,0.46,
659,2014,2015-08-03,2015-05-19,USFS-West,34,2.5,42.0,0,0.0,0,,1,,0,0,0.25,
660,2014,2015-08-03,2015-05-19,USFS-West,35,2.8,35.0,0,0.0,0,,1,,0,0,0.28,
661,2014,2015-08-03,2015-05-19,USFS-West,36,2.5,29.0,0,0.0,0,,1,,0,0,0.25,
662,2014,2015-08-03,2015-05-19,USFS-West,37,5.3,16.0,0,0.0,0,,1,127.0,0,0,0.53,
663,2014,2015-08-03,2015-05-19,USFS-West,38,3.6,42.0,0,0.0,0,,1,,0,0,0.36,
664,2015,2016-09-28,2016-05-24,Center,1,4.5,81.0,0,0.0,0,,0,,0,0,0.45,
665,2015,2016-09-28,2016-05-24,Center,2,6.2,114.0,0,0.0,0,,0,,0,0,0.62,
666,2015,2016-09-28,2016-05-24,Center,3,5.7,105.0,0,0.0,0,,0,,0,0,0.57,
667,2015,2016-09-28,2016-05-24,Center,4,4.6,45.0,0,0.0,0,,0,,0,0,0.46,
668,2015,2016-09-28,2016-05-24,Center,5,5.1,110.0,0,0.0,0,,0,,0,0,0.51,
669,2015,2016-09-28,2016-05-24,Center,6,6.5,77.0,0,0.0,0,,0,,0,0,0.65,
670,2015,2016-09-28,2016-05-24,Center,7,3.8,56.0,0,0.0,0,,0,,0,0,0.38,
671,2015,2016-09-28,2016-05-24,Center,8,6.1,81.0,0,0.0,0,,0,,0,0,0.61,
672,2015,2016-09-28,2016-05-24,Center,9,6.2,55.0,0,0.0,0,,0,,0,0,0.62,
673,2015,2016-09-28,2016-05-24,Center,10,3.3,88.0,0,0.0,0,,0,,0,0,0.33,
674,2015,2016-09-28,2016-05-24,Center,11,7.7,79.0,0,0.0,0,,0,,0,0,0.77,
675,2015,2016-09-28,2016-05-24,Center,12,6.0,44.0,0,0.0,0,,0,134.0,0,0,0.6,
676,2015,2016-09-28,2016-05-24,Center,13,4.8,49.0,0,0.0,0,,0,,0,0,0.48,
677,2015,2016-09-28,2016-05-24,Center,14,5.0,72.0,0,0.0,0,,0,,0,0,0.5,
678,2015,2016-09-28,2016-05-24,Center,15,7.2,77.0,0,0.0,0,,0,,0,0,0.72,
679,2015,2016-09-28,2016-05-24,Center,16,3.9,84.0,0,0.0,0,,0,,0,0,0.39,
680,2015,2016-09-28,2016-05-24,Center,17,6.3,91.0,0,0.0,0,,0,49.0,0,0,0.63,
681,2015,2016-09-28,2016-05-24,Center,18,5.7,83.0,0,0.0,0,,0,,0,0,0.57,
682,2015,2016-09-28,2016-05-24,Center,19,4.7,65.0,0,0.0,0,,0,,0,0,0.47,
683,2015,2016-09-28,2016-05-24,Center,20,5.1,79.0,0,0.0,0,,0,,0,0,0.51,
684,2015,2016-09-28,2016-05-24,Center,21,4.3,73.0,0,0.0,0,,0,36.0,0,0,0.43,
685,2015,2016-09-28,2016-05-24,Center,22,4.4,66.0,0,0.0,0,,0,,0,0,0.44,
686,2015,2016-09-28,2016-05-24,Center,23,7.0,91.0,0,0.0,0,,0,,0,0,0.7,
687,2015,2016-09-28,2016-05-24,Center,24,3.3,33.0,0,0.0,0,,0,,0,0,0.33,
688,2015,2016-09-28,2016-05-24,Center,25,4.1,71.0,0,0.0,0,,0,,0,0,0.41,
689,2015,2016-09-29,2016-05-25,West,1,8.0,97.0,0,0.0,0,,0,,0,0,0.8,
690,2015,2016-09-29,2016-05-25,West,2,6.3,81.0,0,0.0,0,,0,,0,0,0.63,
691,2015,2016-09-29,2016-05-25,West,3,6.8,63.0,10,15.9,1,,0,,10,0,0.68,
692,2015,2016-09-29,2016-05-25,West,4,4.9,51.0,7,13.7,1,,0,63.0,7,0,0.49,
693,2015,2016-09-29,2016-05-25,West,5,5.6,40.0,0,0.0,0,,0,,0,0,0.56,
694,2015,2016-09-29,2016-05-25,West,6,4.8,67.0,8,11.9,1,,0,,8,0,0.48,
695,2015,2016-09-29,2016-05-25,West,7,5.2,63.0,0,0.0,0,,0,,0,0,0.52,
696,2015,2016-09-29,2016-05-25,West,8,4.9,69.0,0,0.0,0,,0,19.0,0,0,0.49,
697,2015,2016-09-29,2016-05-25,West,9,6.8,69.0,8,11.6,1,,0,,8,0,0.68,
698,2015,2016-09-29,2016-05-25,West,10,4.8,62.0,4,6.5,1,,0,20.0,4,0,0.48,
699,2015,2016-09-29,2016-05-25,West,11,3.8,43.0,1,2.3,1,,0,46.0,1,0,0.38,
700,2015,2016-09-29,2016-05-25,West,12,7.1,98.0,0,0.0,0,,0,43.0,0,0,0.71,
701,2015,2016-09-29,2016-05-25,West,13,6.2,64.0,0,0.0,0,,0,83.0,0,0,0.62,
702,2015,2016-09-29,2016-05-25,West,14,5.7,56.0,0,0.0,0,,0,,0,0,0.57,
703,2015,2016-09-29,2016-05-25,West,15,3.8,72.0,0,0.0,0,,0,,0,0,0.38,
704,2015,2016-09-29,2016-05-25,West,16,5.0,68.0,0,0.0,0,,0,,0,0,0.5,
705,2015,2016-09-29,2016-05-25,West,17,6.1,48.0,3,6.3,1,,0,21.0,3,0,0.61,
706,2015,2016-09-29,2016-05-25,West,18,6.0,70.0,0,0.0,0,,0,,0,0,0.6,
707,2015,2016-09-29,2016-05-25,West,19,5.9,51.0,0,0.0,0,,0,,0,0,0.59,
708,2015,2016-09-29,2016-05-25,West,20,2.8,65.0,0,0.0,0,,0,,0,0,0.28,
709,2015,2016-09-29,2016-05-25,West,21,5.9,42.0,1,2.4,1,,0,26.0,1,0,0.59,
710,2015,2016-09-29,2016-05-25,West,22,4.3,47.0,0,0.0,0,,0,,0,0,0.43,
711,2015,2016-09-29,2016-05-25,West,23,4.7,47.0,3,6.4,1,,0,,3,0,0.47,
712,2015,2016-09-29,2016-05-25,West,24,4.3,40.0,6,15.0,1,,0,,6,0,0.43,
713,2015,2016-09-29,2016-05-25,West,25,3.1,46.0,3,6.5,1,,0,,3,0,0.31,
714,2015,2016-10-03,2016-05-24,East,1,4.1,71.0,0,0.0,0,,0,,0,0,0.41,
715,2015,2016-10-03,2016-05-24,East,2,6.7,78.0,0,0.0,0,,0,,0,0,0.67,
716,2015,2016-10-03,2016-05-24,East,3,5.7,75.0,0,0.0,0,,0,,0,0,0.57,
717,2015,2016-10-03,2016-05-24,East,4,5.2,90.0,0,0.0,0,,0,,0,0,0.52,
718,2015,2016-10-03,2016-05-24,East,5,4.3,59.0,0,0.0,0,,0,,0,0,0.43,
719,2015,2016-10-03,2016-05-24,East,6,5.6,96.0,0,0.0,0,,0,,0,0,0.56,
720,2015,2016-10-03,2016-05-24,East,7,6.9,86.0,0,0.0,0,,0,,0,0,0.69,
721,2015,2016-10-03,2016-05-24,East,8,6.3,100.0,0,0.0,0,,0,,0,0,0.63,
722,2015,2016-10-03,2016-05-24,East,9,6.1,83.0,0,0.0,0,,0,,0,0,0.61,
723,2015,2016-10-03,2016-05-24,East,10,4.4,78.0,0,0.0,0,,0,,0,0,0.44,
724,2015,2016-10-03,2016-05-24,East,11,5.7,89.0,0,0.0,0,,0,,0,0,0.57,
725,2015,2016-10-03,2016-05-24,East,12,4.5,90.0,0,0.0,0,,0,,0,0,0.45,
726,2015,2016-10-03,2016-05-24,East,13,6.5,99.0,0,0.0,0,,0,,0,0,0.65,
727,2015,2016-10-03,2016-05-24,East,14,5.5,86.0,0,0.0,0,,0,,0,0,0.55,
728,2015,2016-10-03,2016-05-24,East,15,3.6,83.0,0,0.0,0,,0,,0,0,0.36,
729,2015,2016-10-03,2016-05-24,East,16,5.4,98.0,0,0.0,0,,0,,0,0,0.54,
730,2015,2016-10-03,2016-05-24,East,17,3.4,57.0,0,0.0,0,,0,,0,0,0.34,
731,2015,2016-10-03,2016-05-24,East,18,3.4,59.0,0,0.0,0,,0,,0,0,0.34,
732,2015,2016-10-03,2016-05-24,East,19,4.7,70.0,0,0.0,0,,0,,0,0,0.47,
733,2015,2016-10-03,2016-05-24,East,20,3.6,69.0,0,0.0,0,,0,,0,0,0.36,
734,2015,2016-10-03,2016-05-24,East,21,7.0,92.0,0,0.0,0,,0,124.0,0,0,0.7,
735,2015,2016-10-03,2016-05-24,East,22,5.5,95.0,0,0.0,0,,0,,0,0,0.55,
736,2015,2016-10-03,2016-05-24,East,23,5.2,77.0,0,0.0,0,,0,,0,0,0.52,
737,2015,2016-10-03,2016-05-24,East,24,4.4,74.0,0,0.0,0,,0,,0,0,0.44,
738,2015,2016-10-03,2016-05-24,East,25,4.9,70.0,0,0.0,0,,0,,0,0,0.49,
739,2015,2016-10-04,2016-05-26,USFS-South,1,4.7,73.0,0,0.0,0,,0,,0,0,0.47,
740,2015,2016-10-04,2016-05-26,USFS-South,2,5.8,62.0,0,0.0,0,,0,,0,0,0.58,
741,2015,2016-10-04,2016-05-26,USFS-South,3,4.7,81.0,0,0.0,0,,0,,0,0,0.47,
742,2015,2016-10-04,2016-05-26,USFS-South,4,3.7,54.0,3,5.6,1,,0,,3,0,0.37,
743,2015,2016-10-04,2016-05-26,USFS-South,5,4.2,71.0,0,0.0,0,,0,,0,0,0.42,
744,2015,2016-10-04,2016-05-26,USFS-South,6,5.8,93.0,0,0.0,0,,0,,0,0,0.58,
745,2015,2016-10-04,2016-05-26,USFS-South,7,7.6,113.0,0,0.0,0,,0,,0,0,0.76,
746,2015,2016-10-04,2016-05-26,USFS-South,8,6.4,60.0,0,0.0,0,,0,,0,0,0.64,
747,2015,2016-10-04,2016-05-26,USFS-South,9,3.5,68.0,0,0.0,0,,0,,0,0,0.35,
748,2015,2016-10-04,2016-05-26,USFS-South,10,5.6,99.0,0,0.0,0,,0,,0,0,0.56,
749,2015,2016-10-04,2016-05-26,USFS-North,1,5.1,64.0,5,7.8,1,,0,39.0,5,0,0.51,
750,2015,2016-10-04,2016-05-26,USFS-North,2,6.6,75.0,0,0.0,0,,0,57.0,0,0,0.66,
751,2015,2016-10-04,2016-05-26,USFS-North,3,5.9,87.0,0,0.0,0,,0,,0,0,0.59,
752,2015,2016-10-04,2016-05-26,USFS-North,4,5.6,66.0,6,9.1,1,,0,,6,0,0.56,
753,2015,2016-10-04,2016-05-26,USFS-North,5,3.3,58.0,6,10.3,1,,0,39.0,5,1,0.33,
754,2015,2016-10-04,2016-05-26,USFS-North,6,5.2,64.0,0,0.0,0,,0,,0,0,0.52,
755,2015,2016-10-04,2016-05-26,USFS-North,7,4.0,60.0,5,8.3,1,,0,,5,0,0.4,
756,2015,2016-10-04,2016-05-26,USFS-North,8,4.8,44.0,11,25.0,1,,0,,10,1,0.48,
757,2015,2016-10-04,2016-05-26,USFS-North,9,3.8,46.0,3,6.5,1,,0,,3,0,0.38,
758,2015,2016-10-04,2016-05-26,USFS-North,10,4.9,54.0,0,0.0,0,,0,,0,0,0.49,
759,2015,2016-10-04,2016-05-26,USFS-West,1,7.0,60.0,9,15.0,1,,0,,9,0,0.7,
760,2015,2016-10-04,2016-05-26,USFS-West,2,5.0,26.0,2,7.7,1,,0,111.0,2,0,0.5,
761,2015,2016-10-04,2016-05-26,USFS-West,3,5.4,53.0,0,0.0,0,,0,117.0,0,0,0.54,
762,2015,2016-10-04,2016-05-26,USFS-West,4,4.5,59.0,2,3.4,1,,0,,2,0,0.45,
763,2015,2016-10-04,2016-05-26,USFS-West,5,5.6,58.0,5,8.6,1,,0,194.0,4,1,0.56,
764,2015,2016-10-04,2016-05-26,USFS-West,6,4.2,53.0,1,1.9,1,,0,,1,0,0.42,
765,2015,2016-10-04,2016-05-26,USFS-West,7,4.2,48.0,8,16.7,1,,0,,8,0,0.42,
766,2015,2016-10-04,2016-05-26,USFS-West,8,5.7,62.0,0,0.0,0,,0,,0,0,0.57,
767,2015,2016-10-04,2016-05-26,USFS-West,9,4.4,52.0,0,0.0,0,,0,,0,0,0.44,
768,2015,2016-10-04,2016-05-26,USFS-West,10,5.3,44.0,4,9.1,1,,0,109.0,4,0,0.53,
769,2016,2017-12-20,2017-06-05,West,1,5.2,67.0,7,10.4,1,,0,,7,0,0.52,
770,2016,2017-12-20,2017-06-05,West,2,5.2,58.0,5,8.6,1,,0,,5,0,0.52,
771,2016,2017-12-20,2017-06-05,West,3,6.0,58.0,10,17.2,1,,0,,9,1,0.6,
772,2016,2017-12-20,2017-06-05,West,4,6.7,50.0,13,26.0,1,,0,,13,0,0.67,
773,2016,2017-12-20,2017-06-05,West,5,5.3,35.0,21,60.0,1,,0,,21,0,0.53,
774,2016,2017-12-20,2017-06-05,West,6,6.3,44.0,19,43.2,1,,0,,19,0,0.63,
775,2016,2017-12-20,2017-06-05,West,7,3.8,46.0,8,17.4,1,,0,,7,1,0.38,
776,2016,2017-12-20,2017-06-05,West,8,6.5,58.0,7,12.1,1,,0,,6,0,0.65,
777,2016,2017-12-20,2017-06-05,West,9,6.3,60.0,23,38.3,1,,0,,22,1,0.63,
778,2016,2017-12-20,2017-06-05,West,10,4.9,68.0,1,1.5,1,,0,,1,0,0.49,
779,2016,2017-12-20,2017-06-05,West,11,5.4,55.0,11,20.0,1,,0,,9,2,0.54,
780,2016,2017-12-20,2017-06-05,West,12,7.2,70.0,3,4.3,1,,0,,3,0,0.72,
781,2016,2017-12-20,2017-06-05,West,13,3.7,40.0,7,17.5,1,,0,,7,0,0.37,
782,2016,2017-12-20,2017-06-05,West,14,6.9,57.0,4,7.0,1,,0,,4,0,0.69,
783,2016,2017-12-20,2017-06-05,West,15,3.9,45.0,4,8.9,1,,0,,4,0,0.39,
784,2016,2017-11-22,2017-06-05,East,1,6.3,74.0,1,1.4,1,,0,,1,0,0.63,
785,2016,2017-11-22,2017-06-05,East,2,6.8,76.0,0,0.0,0,,0,,0,0,0.68,
786,2016,2017-11-22,2017-06-05,East,3,4.7,79.0,0,0.0,0,,0,,0,0,0.47,
787,2016,2017-11-22,2017-06-05,East,4,5.4,61.0,2,3.3,1,,0,,2,0,0.54,
788,2016,2017-11-22,2017-06-05,East,5,8.9,76.0,0,0.0,0,,0,,0,0,0.89,
789,2016,2017-11-22,2017-06-05,East,6,5.7,60.0,2,3.3,1,,0,,2,0,0.57,
790,2016,2017-11-22,2017-06-05,East,7,6.2,79.0,0,0.0,0,,0,,0,0,0.62,
791,2016,2017-11-22,2017-06-05,East,8,6.1,68.0,0,0.0,0,,0,,0,0,0.61,
792,2016,2017-11-22,2017-06-05,East,9,5.9,76.0,2,2.6,1,,0,,2,0,0.59,
793,2016,2017-11-22,2017-06-05,East,10,4.6,69.0,0,0.0,0,,0,,0,0,0.46,
794,2016,2017-11-22,2017-06-05,East,11,7.7,57.0,0,0.0,0,,0,,0,0,0.77,
795,2016,2017-11-22,2017-06-05,East,12,4.7,65.0,0,0.0,0,,0,,0,0,0.47,
796,2016,2017-11-22,2017-06-05,East,13,4.9,62.0,0,0.0,0,,0,,0,0,0.49,
797,2016,2017-11-22,2017-06-05,East,14,4.6,68.0,0,0.0,0,,0,,0,0,0.46,
798,2016,2017-11-22,2017-06-05,East,15,5.4,57.0,3,5.3,1,,0,,3,0,0.54,
799,2016,2017-11-22,2017-06-05,East,16,4.5,64.0,0,0.0,0,,0,,0,0,0.45,
800,2016,2017-11-22,2017-06-05,East,17,5.1,62.0,0,0.0,0,,0,,0,0,0.51,
801,2016,2017-10-19,2017-06-05,Center,1,8.5,94.0,0,0.0,0,,0,,0,0,0.85,
802,2016,2017-10-19,2017-06-05,Center,2,4.9,79.5,0,0.0,0,,0,,0,0,0.49,
803,2016,2017-10-19,2017-06-05,Center,3,7.6,70.0,0,0.0,0,,0,,0,0,0.76,
804,2016,2017-10-19,2017-06-05,Center,4,5.1,68.0,0,0.0,0,,0,,0,0,0.51,
805,2016,2017-10-19,2017-06-05,Center,5,7.5,87.0,0,0.0,0,,0,,0,0,0.75,
806,2016,2017-10-19,2017-06-05,Center,6,6.5,77.0,0,0.0,0,,0,,0,0,0.65,
807,2016,2017-10-19,2017-06-05,Center,7,4.7,76.0,0,0.0,0,,0,,0,0,0.47,
808,2016,2017-10-19,2017-06-05,Center,8,5.4,75.0,7,9.3,1,,0,,7,0,0.54,
809,2016,2017-10-19,2017-06-05,Center,9,7.8,75.0,7,9.3,1,,0,,7,0,0.78,
810,2016,2017-10-19,2017-06-05,Center,10,5.0,65.0,2,3.1,1,,0,,2,0,0.5,
811,2016,2017-10-19,2017-06-05,Center,11,5.4,75.0,0,0.0,0,,0,,0,0,0.54,
812,2016,2017-10-19,2017-06-05,Center,12,3.9,60.0,0,0.0,0,,0,,0,0,0.39,
813,2016,2017-10-19,2017-06-05,Center,13,8.0,53.0,3,5.7,1,,0,,3,0,0.8,
814,2016,2017-10-19,2017-06-05,Center,14,5.8,60.0,3,5.0,1,,0,,3,0,0.58,
815,2016,2017-10-19,2017-06-05,Center,15,4.9,65.0,1,1.5,1,,0,,1,0,0.49,
816,2016,2017-11-27,2017-06-05,USFS-West,1,6.0,81.0,6,7.4,1,,0,,6,0,0.6,
817,2016,2017-11-27,2017-06-05,USFS-West,2,6.2,71.0,6,8.5,1,,0,,4,0,0.62,
818,2016,2017-11-27,2017-06-05,USFS-West,3,6.5,75.0,9,12.0,1,,0,,9,0,0.65,
819,2016,2017-11-27,2017-06-05,USFS-West,4,4.5,64.0,26,40.6,1,,0,,21,5,0.45,
820,2016,2017-11-27,2017-06-05,USFS-West,5,5.1,63.0,20,31.7,1,,0,,12,7,0.51,
821,2016,2017-11-27,2017-06-05,USFS-West,6,4.2,67.0,2,3.0,1,,0,,2,0,0.42,
822,2016,2017-11-27,2017-06-05,USFS-West,7,5.6,60.0,8,13.3,1,,0,,8,0,0.56,
823,2016,2017-11-27,2017-06-05,USFS-West,8,6.8,62.0,10,16.1,1,,0,,8,2,0.68,
824,2016,2017-11-27,2017-06-05,USFS-West,9,5.6,72.0,5,6.9,1,,0,,5,0,0.56,
825,2016,2017-11-27,2017-06-05,USFS-West,10,6.2,57.0,4,7.0,1,,0,,4,0,0.62,
826,2016,2017-11-27,2017-06-05,USFS-West,11,5.5,52.0,10,19.2,1,,0,,8,2,0.55,
827,2016,2017-11-27,2017-06-05,USFS-West,12,4.4,56.0,1,1.8,1,,0,,1,0,0.44,
828,2016,2017-11-27,2017-06-05,USFS-West,13,5.9,52.0,14,26.9,1,,0,,12,2,0.59,
829,2016,2017-11-27,2017-06-05,USFS-West,14,4.2,58.0,15,25.9,1,,0,,15,0,0.42,
830,2016,2017-11-27,2017-06-05,USFS-West,15,5.2,61.0,3,4.9,1,,0,,3,0,0.52,
831,2016,2017-12-19,2017-06-05,USFS-North,1,6.3,64.0,15,23.4,1,,0,,13,2,0.63,
832,2016,2017-12-19,2017-06-05,USFS-North,2,7.0,72.0,39,54.2,1,,0,,37,2,0.7,
833,2016,2017-12-19,2017-06-05,USFS-North,3,6.9,73.0,7,9.6,1,,0,,6,1,0.69,
834,2016,2017-12-19,2017-06-05,USFS-North,4,7.0,75.0,12,16.0,1,,0,,11,0,0.7,
835,2016,2017-12-19,2017-06-05,USFS-North,5,7.0,66.0,15,22.7,1,,0,,13,1,0.7,
836,2016,2017-12-19,2017-06-05,USFS-North,6,5.5,60.0,22,36.7,1,,0,,16,4,0.55,
837,2016,2017-12-19,2017-06-05,USFS-North,7,5.8,60.0,6,10.0,1,,0,,6,0,0.58,
838,2016,2017-12-19,2017-06-05,USFS-North,8,5.1,68.0,7,10.3,1,,0,,5,1,0.51,
839,2016,2017-12-19,2017-06-05,USFS-North,9,5.1,54.0,10,18.5,1,,0,,10,0,0.51,
840,2016,2017-12-19,2017-06-05,USFS-North,10,7.1,58.0,28,48.3,1,,0,,26,2,0.71,
841,2016,2017-12-19,2017-06-05,USFS-North,11,5.5,60.0,31,51.7,1,,0,,25,6,0.55,
842,2016,2017-12-19,2017-06-05,USFS-North,12,7.0,64.0,21,32.8,1,,0,,20,1,0.7,
843,2016,2017-12-19,2017-06-05,USFS-North,13,5.1,54.0,18,33.3,1,,0,,18,0,0.51,
844,2016,2017-12-19,2017-06-05,USFS-North,14,4.7,45.0,15,33.3,1,,0,,14,0,0.47,
845,2016,2017-12-19,2017-06-05,USFS-North,15,6.3,56.0,21,37.5,1,,0,,20,1,0.63,
846,2016,2017-11-22,2017-06-05,USFS-South,1,6.8,72.0,0,0.0,0,,0,,0,0,0.68,
847,2016,2017-11-22,2017-06-05,USFS-South,2,6.7,70.0,2,2.9,1,,0,,2,0,0.67,
848,2016,2017-11-22,2017-06-05,USFS-South,3,4.6,74.0,0,0.0,0,,0,,0,0,0.46,
849,2016,2017-11-22,2017-06-05,USFS-South,4,5.9,84.0,0,0.0,0,,0,,0,0,0.59,
850,2016,2017-11-22,2017-06-05,USFS-South,5,5.2,87.0,0,0.0,0,,0,,0,0,0.52,
851,2016,2017-11-22,2017-06-05,USFS-South,6,5.1,79.0,0,0.0,0,,0,,0,0,0.51,
852,2016,2017-11-22,2017-06-05,USFS-South,7,4.4,71.0,0,0.0,0,,0,,0,0,0.44,
853,2016,2017-11-22,2017-06-05,USFS-South,8,6.6,66.0,1,1.5,1,,0,,1,0,0.66,
854,2016,2017-11-22,2017-06-05,USFS-South,9,5.7,65.0,0,0.0,0,,0,,0,0,0.57,
855,2016,2017-11-22,2017-06-05,USFS-South,10,4.6,56.0,0,0.0,0,,0,,0,0,0.46,
856,2016,2017-11-22,2017-06-05,USFS-South,11,5.0,62.0,0,0.0,0,,0,,0,0,0.5,
857,2016,2017-11-22,2017-06-05,USFS-South,12,4.6,54.0,0,0.0,0,,0,,0,0,0.46,
858,2016,2017-11-22,2017-06-05,USFS-South,13,4.1,51.0,0,0.0,0,,0,,0,0,0.41,
859,2016,2017-11-22,2017-06-05,USFS-South,14,3.7,51.0,0,0.0,0,,0,,0,0,0.37,
860,2016,2017-11-22,2017-06-05,USFS-South,15,3.1,47.0,0,0.0,0,,0,,0,0,0.31,
861,2017,2018-10-11,2018-06-13,Center,1,6.5,111.0,3,2.7,1,,0,,3,0,0.65,
862,2017,2018-10-11,2018-06-13,Center,2,7.5,61.0,14,23.0,1,,0,,12,2,0.75,
863,2017,2018-10-11,2018-06-13,Center,3,7.4,67.0,18,26.9,1,,0,,16,2,0.74,
864,2017,2018-10-11,2018-06-13,Center,4,8.3,51.0,24,47.1,1,,0,,22,2,0.83,
865,2017,2018-10-11,2018-06-13,Center,5,6.7,72.0,33,45.8,1,,0,,28,5,0.67,
866,2017,2018-10-11,2018-06-13,Center,6,4.7,47.0,39,83.0,1,,0,,30,9,0.47,
867,2017,2018-10-11,2018-06-13,Center,7,4.7,58.0,25,43.1,1,,0,,24,1,0.47,
868,2017,2018-10-11,2018-06-13,Center,8,5.8,32.0,19,59.4,1,,0,,17,2,0.58,
869,2017,2018-10-11,2018-06-13,Center,9,4.7,24.0,14,58.3,1,,0,,14,0,0.47,
870,2017,2018-10-11,2018-06-13,Center,10,4.6,42.0,28,66.7,1,,0,,21,7,0.46,
871,2017,2018-10-11,2018-06-13,Center,11,4.4,26.0,19,73.1,1,,0,,16,3,0.44,
872,2017,2018-10-11,2018-06-13,Center,12,3.6,34.0,16,47.1,1,,0,,16,0,0.36,
873,2017,2018-10-11,2018-06-13,Center,13,4.9,31.0,15,48.4,1,,0,,14,1,0.49,
874,2017,2018-10-11,2018-06-13,Center,14,5.6,33.0,8,24.2,1,,0,,8,0,0.56,
875,2017,2018-10-11,2018-06-13,Center,15,4.1,28.0,16,57.1,1,,0,,16,0,0.41,
876,2017,2018-10-05,2018-06-13,East,1,6.2,41.0,26,63.4,1,,0,,13,13,0.62,
877,2017,2018-10-05,2018-06-13,East,2,7.7,132.0,33,25.0,1,,0,,27,5,0.77,
878,2017,2018-10-05,2018-06-13,East,3,6.1,65.0,17,26.2,1,,0,,13,1,0.61,
879,2017,2018-10-05,2018-06-13,East,4,7.7,100.0,15,15.0,1,,0,,12,3,0.77,
880,2017,2018-10-05,2018-06-13,East,5,6.4,43.0,12,27.9,1,,0,,11,1,0.64,
881,2017,2018-10-05,2018-06-13,East,6,6.3,53.0,8,15.1,1,,0,,8,0,0.63,
882,2017,2018-10-05,2018-06-13,East,7,8.0,63.0,21,33.3,1,,0,,19,2,0.8,
883,2017,2018-10-05,2018-06-13,East,8,3.3,30.0,6,20.0,1,,0,,6,0,0.33,
884,2017,2018-10-05,2018-06-13,East,9,3.5,29.0,6,20.7,1,,0,,6,0,0.35,
885,2017,2018-10-05,2018-06-13,East,10,4.4,27.0,7,25.9,1,,0,,5,2,0.44,
886,2017,2018-10-05,2018-06-13,East,11,3.7,30.0,3,10.0,1,,0,,3,0,0.37,
887,2017,2018-10-05,2018-06-13,East,12,4.3,42.0,10,23.8,1,,0,,10,0,0.43,
888,2017,2018-10-05,2018-06-13,East,13,4.7,50.0,8,16.0,1,,0,,8,0,0.47,
889,2017,2018-10-05,2018-06-13,East,14,4.3,42.0,2,4.8,1,,0,,2,0,0.43,
890,2017,2018-10-05,2018-06-13,East,15,4.1,74.0,9,12.2,1,,0,,8,1,0.41,
891,2017,2018-10-22,2018-06-13,West,1,5.6,61.0,10,16.4,1,,0,,9,1,0.56,
892,2017,2018-10-22,2018-06-13,West,2,5.4,72.0,12,16.7,1,,0,,8,4,0.54,
893,2017,2018-10-22,2018-06-13,West,3,6.7,43.0,10,23.3,1,,0,,5,5,0.67,
894,2017,2018-10-22,2018-06-13,West,4,6.7,50.0,26,52.0,1,,0,,22,4,0.67,
895,2017,2018-10-22,2018-06-13,West,5,3.8,58.0,25,43.1,1,,0,,20,5,0.38,
896,2017,2018-10-22,2018-06-13,West,6,4.8,59.0,18,30.5,1,,0,,17,1,0.48,
897,2017,2018-10-22,2018-06-13,West,7,8.9,85.0,28,32.9,1,,0,,22,6,0.89,
898,2017,2018-10-22,2018-06-13,West,8,5.6,32.0,13,40.6,1,,0,,10,3,0.56,
899,2017,2018-10-22,2018-06-13,West,9,8.2,77.0,37,48.1,1,,0,,36,1,0.82,
900,2017,2018-10-22,2018-06-13,West,10,4.8,43.0,11,25.6,1,,0,,8,2,0.48,
901,2017,2018-10-22,2018-06-13,West,11,6.2,76.0,3,3.9,1,,0,,3,0,0.62,
902,2017,2018-10-22,2018-06-13,West,12,6.8,51.0,20,39.2,1,,0,,17,3,0.68,
903,2017,2018-10-22,2018-06-13,West,13,7.1,88.0,22,25.0,1,,0,,20,2,0.71,
904,2017,2018-10-22,2018-06-13,West,14,9.4,87.0,60,69.0,1,,0,,54,6,0.94,
905,2017,2018-10-22,2018-06-13,West,15,4.4,48.0,8,16.7,1,,0,,7,1,0.44,
906,2017,2018-10-17,2018-06-13,USFS-North,1,7.9,106.0,62,58.5,1,,0,,52,8,0.79,
907,2017,2018-10-17,2018-06-13,USFS-North,2,4.1,61.0,21,34.4,1,,0,,20,1,0.41,
908,2017,2018-10-17,2018-06-13,USFS-North,3,5.0,72.0,17,23.6,1,,0,,17,0,0.5,
909,2017,2018-10-17,2018-06-13,USFS-North,4,5.3,31.0,38,122.6,1,,0,,27,11,0.53,
910,2017,2018-10-17,2018-06-13,USFS-North,5,4.4,50.0,22,44.0,1,,0,,18,4,0.44,
911,2017,2018-10-17,2018-06-13,USFS-North,6,6.3,99.0,14,14.1,1,,0,,14,0,0.63,
912,2017,2018-10-17,2018-06-13,USFS-North,7,3.3,38.0,8,21.1,1,,0,,7,0,0.33,
913,2017,2018-10-17,2018-06-13,USFS-North,8,5.3,116.0,35,30.2,1,,0,,28,7,0.53,
914,2017,2018-10-17,2018-06-13,USFS-North,9,4.2,59.0,21,35.6,1,,0,,17,4,0.42,
915,2017,2018-10-17,2018-06-13,USFS-North,10,4.1,34.0,10,29.4,1,,0,,7,3,0.41,
916,2017,2018-10-17,2018-06-13,USFS-North,11,4.3,34.0,10,29.4,1,,0,,10,0,0.43,
917,2017,2018-10-17,2018-06-13,USFS-North,12,4.2,38.0,4,10.5,1,,0,,4,0,0.42,
918,2017,2018-10-17,2018-06-13,USFS-North,13,7.0,87.0,12,13.8,1,,0,,11,1,0.7,
919,2017,2018-10-17,2018-06-13,USFS-North,14,3.4,30.0,10,33.3,1,,0,,10,0,0.34,
920,2017,2018-10-17,2018-06-13,USFS-North,15,4.4,37.0,13,35.1,1,,0,,13,0,0.44,
921,2017,2018-10-05,2018-06-13,USFS-South,1,3.3,43.0,1,2.3,1,,0,,1,0,0.33,
922,2017,2018-10-05,2018-06-13,USFS-South,2,4.7,57.0,1,1.8,1,,0,,1,0,0.47,
923,2017,2018-10-05,2018-06-13,USFS-South,3,3.7,34.0,1,2.9,1,,0,,1,0,0.37,
924,2017,2018-10-05,2018-06-13,USFS-South,4,3.2,22.0,0,0.0,0,,0,,0,0,0.32,
925,2017,2018-10-05,2018-06-13,USFS-South,5,3.4,29.0,1,3.4,1,,0,,1,0,0.34,
926,2017,2018-10-05,2018-06-13,USFS-South,6,1.1,30.0,1,3.3,1,,0,,1,0,0.11,
927,2017,2018-10-05,2018-06-13,USFS-South,7,1.9,20.0,0,0.0,0,,0,,0,0,0.19,
928,2017,2018-10-11,2018-06-13,USFS-West,1,4.3,53.0,9,17.0,1,,0,,7,2,0.43,
929,2017,2018-10-11,2018-06-13,USFS-West,2,3.9,43.0,3,7.0,1,,0,,3,0,0.39,
930,2017,2018-10-11,2018-06-13,USFS-West,3,5.0,48.0,13,27.1,1,,0,,7,6,0.5,
931,2017,2018-10-11,2018-06-13,USFS-West,4,5.1,84.0,9,10.7,1,,0,,7,2,0.51,
932,2017,2018-10-11,2018-06-13,USFS-West,5,6.0,50.0,6,12.0,1,,0,,6,0,0.6,
933,2017,2018-10-11,2018-06-13,USFS-West,6,6.3,48.0,19,39.6,1,,0,,17,2,0.63,
934,2017,2018-10-11,2018-06-13,USFS-West,7,4.4,73.0,33,45.2,1,,0,,26,4,0.44,
935,2017,2018-10-11,2018-06-13,USFS-West,8,5.5,45.0,25,55.6,1,,0,,13,9,0.55,
936,2017,2018-10-11,2018-06-13,USFS-West,9,4.8,37.0,14,37.8,1,,0,,14,0,0.48,
937,2017,2018-10-11,2018-06-13,USFS-West,10,3.5,96.0,10,10.4,1,,0,,10,0,0.35,
938,2017,2018-10-11,2018-06-13,USFS-West,11,7.3,30.0,4,13.3,1,,0,,4,0,0.73,
939,2017,2018-10-11,2018-06-13,USFS-West,12,2.9,39.0,12,30.8,1,,0,,8,3,0.29,
940,2017,2018-10-11,2018-06-13,USFS-West,13,3.1,26.0,8,30.8,1,,0,,7,1,0.31,
941,2017,2018-10-11,2018-06-13,USFS-West,14,4.9,65.0,14,21.5,1,,0,,6,8,0.49,
942,2017,2018-10-11,2018-06-13,USFS-West,15,4.0,20.0,9,45.0,1,,0,,9,0,0.4,
943,2018,2019-08-22,2019-05-08,East,1,7.7,96.0,1,1.0,1,,0,,0,1,0.77,
944,2018,2019-08-22,2019-05-08,East,2,7.4,77.0,6,7.8,1,,1,,6,0,0.74,
945,2018,2019-08-22,2019-05-08,East,3,11.2,88.0,2,2.3,1,,1,,1,1,1.12,
946,2018,2019-08-22,2019-05-08,East,4,8.5,93.0,2,2.2,1,,1,,2,0,0.85,
947,2018,2019-08-22,2019-05-08,East,5,7.5,111.0,5,4.5,1,,0,,5,0,0.75,
948,2018,2019-08-22,2019-05-08,East,6,6.9,87.0,0,0.0,0,,1,,0,0,0.69,
949,2018,2019-08-22,2019-05-08,East,7,8.9,125.0,6,4.8,1,,0,,5,1,0.89,
950,2018,2019-08-22,2019-05-08,East,8,7.3,99.0,2,2.0,1,,0,,2,0,0.73,
951,2018,2019-08-22,2019-05-08,East,9,7.8,120.0,1,0.8,1,,0,,1,0,0.78,
952,2018,2019-08-22,2019-05-08,East,10,5.1,106.0,5,4.7,1,,0,,5,0,0.51,
953,2018,2019-08-22,2019-05-08,East,11,7.1,86.0,4,4.7,1,,1,,4,0,0.71,
954,2018,2019-08-22,2019-05-08,East,12,7.9,102.0,7,6.9,1,,1,,7,0,0.79,
955,2018,2019-08-22,2019-05-08,East,13,8.5,103.0,1,1.0,1,,1,,1,0,0.85,
956,2018,2019-08-22,2019-05-08,East,14,5.9,72.0,4,5.6,1,,1,,4,0,0.59,
957,2018,2019-08-22,2019-05-08,East,15,10.5,99.0,2,2.0,1,,1,,2,0,1.05,
958,2018,2019-08-22,2019-05-08,East,16,7.0,77.0,0,0.0,0,,1,,0,0,0.7,
959,2018,2019-08-22,2019-05-08,East,17,6.5,89.0,0,0.0,0,,1,,0,0,0.65,
960,2018,2019-08-22,2019-05-08,East,18,6.3,104.0,0,0.0,0,,1,,0,0,0.63,
961,2018,2019-08-22,2019-05-08,East,19,6.7,113.0,1,0.9,1,,0,,0,1,0.67,
962,2018,2019-08-27,2019-05-08,West,1,6.2,97.0,3,3.1,1,,0,,1,2,0.62,
963,2018,2019-08-27,2019-05-08,West,2,7.9,80.0,0,0.0,0,2.1,1,,0,0,0.79,0.21
964,2018,2019-08-27,2019-05-08,West,3,9.2,122.0,1,0.8,1,2.4,1,,1,0,0.92,0.24
965,2018,2019-08-27,2019-05-08,West,4,6.4,80.0,2,2.5,1,,0,,2,0,0.64,
966,2018,2019-08-27,2019-05-08,West,5,6.2,87.0,8,9.2,1,,0,,7,1,0.62,
967,2018,2019-08-27,2019-05-08,West,6,10.8,63.0,1,1.6,1,5.8,1,,1,0,1.08,0.58
968,2018,2019-08-27,2019-05-08,West,7,4.2,61.0,8,13.1,1,,0,,7,1,0.42,
969,2018,2019-08-27,2019-05-08,West,8,5.5,84.0,5,6.0,1,,0,,2,2,0.55,
970,2018,2019-08-27,2019-05-08,West,9,9.4,86.0,1,1.2,1,1.6,1,,1,0,0.94,0.16
971,2018,2019-08-27,2019-05-08,West,10,7.0,107.0,3,2.8,1,,0,,2,1,0.7,
972,2018,2019-08-27,2019-05-08,West,11,7.8,107.0,4,3.7,1,,0,,3,1,0.78,
973,2018,2019-08-27,2019-05-08,West,12,8.0,72.0,1,1.4,1,3.5,1,,0,1,0.8,0.35
974,2018,2019-08-27,2019-05-08,West,13,5.5,80.0,18,22.5,1,1.2,1,,12,6,0.55,0.12
975,2018,2019-08-27,2019-05-08,West,14,8.4,111.0,0,0.0,0,,0,,0,0,0.84,
976,2018,2019-08-27,2019-05-08,West,15,6.9,99.0,5,5.1,1,,0,,4,1,0.69,
977,2018,2019-08-27,2019-05-08,West,16,9.4,87.0,15,17.2,1,,0,,15,0,0.94,
978,2018,2019-08-27,2019-05-08,West,17,7.0,64.0,14,21.9,1,3.2,1,,14,0,0.7,0.32
979,2018,2019-08-27,2019-05-08,West,18,10.8,71.0,0,0.0,0,4.8,1,,0,0,1.08,0.48
980,2018,2019-08-27,2019-05-08,West,19,10.9,92.0,0,0.0,0,2.8,1,,0,0,1.09,0.28
981,2018,2019-08-27,2019-05-08,West,20,12.2,73.0,0,0.0,0,4.5,1,,0,0,1.22,0.45
982,2018,2019-08-29,2019-05-09,Center,1,5.2,67.0,37,55.2,1,,0,,23,8,0.52,
983,2018,2019-08-29,2019-05-09,Center,2,7.2,99.0,1,1.0,1,,0,,1,0,0.72,
984,2018,2019-08-29,2019-05-09,Center,3,6.9,102.0,1,1.0,1,,0,,1,0,0.69,
985,2018,2019-08-29,2019-05-09,Center,4,6.5,54.0,6,11.1,1,3.6,1,,5,1,0.65,0.36
986,2018,2019-08-29,2019-05-09,Center,5,4.5,32.0,7,21.9,1,2.7,1,,5,1,0.45,0.27
987,2018,2019-08-29,2019-05-09,Center,6,5.2,46.0,4,8.7,1,3.4,1,,2,1,0.52,0.34
988,2018,2019-08-29,2019-05-09,Center,7,5.0,42.0,4,9.5,1,3.3,1,,4,0,0.5,0.33
989,2018,2019-08-29,2019-05-09,Center,8,6.8,97.0,2,2.1,1,,0,,1,1,0.68,
990,2018,2019-08-29,2019-05-09,Center,9,6.2,53.0,6,11.3,1,3.5,1,,5,1,0.62,0.35
991,2018,2019-08-29,2019-05-09,Center,10,7.3,115.0,8,7.0,1,1.6,1,,6,2,0.73,0.16
992,2018,2019-08-29,2019-05-09,Center,11,11.1,118.0,1,0.8,1,,0,,1,0,1.11,
993,2018,2019-08-29,2019-05-09,Center,12,9.3,98.0,0,0.0,0,2.5,1,,0,0,0.93,0.25
994,2018,2019-08-29,2019-05-09,Center,13,9.6,135.0,0,0.0,0,,0,,0,0,0.96,
995,2018,2019-08-29,2019-05-09,Center,14,5.1,78.0,2,2.6,1,,0,,2,0,0.51,
996,2018,2019-08-29,2019-05-09,Center,15,7.2,90.0,27,30.0,1,1.4,1,,23,4,0.72,0.14
997,2018,2019-08-29,2019-05-09,Center,16,8.6,79.0,1,1.3,1,3.0,1,,1,0,0.86,0.3
998,2018,2019-08-29,2019-05-09,Center,17,7.9,94.0,0,0.0,0,,0,,0,0,0.79,
999,2018,2019-08-29,2019-05-09,Center,18,9.8,120.0,6,5.0,1,,0,,6,0,0.98,
1000,2018,2019-08-29,2019-05-09,Center,19,7.8,115.0,0,0.0,0,,0,,0,0,0.78,
1001,2018,2019-08-29,2019-05-09,Center,20,9.8,76.0,18,23.7,1,3.4,1,,13,3,0.98,0.34
1002,2018,2019-08-27,2019-05-10,USFS-West,1,4.1,8.0,1,12.5,1,3.8,1,,1,0,0.41,0.38
1003,2018,2019-08-27,2019-05-10,USFS-West,2,4.3,40.0,18,45.0,1,2.3,1,,15,1,0.43,0.23
1004,2018,2019-08-27,2019-05-10,USFS-West,3,5.9,53.0,19,35.8,1,1.5,1,,17,2,0.59,0.15
1005,2018,2019-08-27,2019-05-10,USFS-West,4,9.1,121.0,2,1.7,1,,0,,2,0,0.91,
1006,2018,2019-08-27,2019-05-10,USFS-West,5,3.8,44.0,20,45.5,1,1.2,1,,18,1,0.38,0.12
1007,2018,2019-08-27,2019-05-10,USFS-West,6,8.0,52.0,0,0.0,0,4.0,1,,0,0,0.8,0.4
1008,2018,2019-08-27,2019-05-10,USFS-West,7,6.6,74.0,17,23.0,1,,0,,17,0,0.66,
1009,2018,2019-08-27,2019-05-10,USFS-West,8,7.0,67.0,1,1.5,1,2.6,1,,1,0,0.7,0.26
1010,2018,2019-08-27,2019-05-10,USFS-West,9,6.4,77.0,20,26.0,1,7.6,1,,20,0,0.64,0.76
1011,2018,2019-08-27,2019-05-10,USFS-West,10,5.1,66.0,34,51.5,1,,0,,30,3,0.51,
1012,2018,2019-08-27,2019-05-10,USFS-West,11,6.8,82.0,0,0.0,0,,0,,0,0,0.68,
1013,2018,2019-08-27,2019-05-10,USFS-West,12,7.8,46.0,7,15.2,1,5.3,1,,7,0,0.78,0.53
1014,2018,2019-08-27,2019-05-10,USFS-West,13,5.8,49.0,8,16.3,1,3.2,1,,7,1,0.58,0.32
1015,2018,2019-08-27,2019-05-10,USFS-West,14,3.9,49.0,8,16.3,1,0.9,1,,8,0,0.39,0.09
1016,2018,2019-08-27,2019-05-10,USFS-West,15,5.5,74.0,14,18.9,1,2.3,1,,13,0,0.55,0.23
1017,2018,2019-08-27,2019-05-10,USFS-West,16,7.0,101.0,9,8.9,1,,0,,8,0,0.7,
1018,2018,2019-08-27,2019-05-10,USFS-West,17,7.6,45.0,2,4.4,1,4.5,1,,2,0,0.76,0.45
1019,2018,2019-08-27,2019-05-10,USFS-West,18,7.7,100.0,1,1.0,1,,0,,1,0,0.77,
1020,2018,2019-08-27,2019-05-10,USFS-West,19,9.4,77.0,9,11.7,1,3.0,1,,9,0,0.94,0.3
1021,2018,2019-08-27,2019-05-10,USFS-West,20,5.2,38.0,13,34.2,1,,0,,9,3,0.52,
1022,2018,2019-08-27,2019-05-10,USFS-West,21,4.3,39.0,0,0.0,0,,0,,0,0,0.43,
1023,2018,2019-08-23,2019-05-09,USFS-South,1,5.0,44.0,4,9.1,1,3.4,1,,4,0,0.5,0.34
1024,2018,2019-08-23,2019-05-09,USFS-South,2,5.6,45.0,0,0.0,0,4.5,1,,0,0,0.56,0.45
1025,2018,2019-08-23,2019-05-09,USFS-South,3,5.5,40.0,8,20.0,1,4.2,1,,5,3,0.55,0.42
1026,2018,2019-08-23,2019-05-09,USFS-South,4,3.5,41.0,0,0.0,0,2.5,1,,0,0,0.35,0.25
1027,2018,2019-08-23,2019-05-09,USFS-South,5,5.1,48.0,18,37.5,1,2.2,1,,13,4,0.51,0.22
1028,2018,2019-08-23,2019-05-09,USFS-South,6,4.5,35.0,6,17.1,1,3.9,1,,5,1,0.45,0.39
1029,2018,2019-08-23,2019-05-09,USFS-South,7,5.0,40.0,11,27.5,1,3.9,1,,10,1,0.5,0.39
1030,2018,2019-08-23,2019-05-09,USFS-South,8,4.9,38.0,8,21.1,1,3.8,1,,6,0,0.49,0.38
1031,2018,2019-08-23,2019-05-09,USFS-South,9,4.7,32.0,23,71.9,1,4.2,1,,18,5,0.47,0.42
1032,2018,2019-08-23,2019-05-09,USFS-South,10,7.0,46.0,6,13.0,1,4.1,1,,4,1,0.7,0.41
1033,2018,2019-08-23,2019-05-09,USFS-South,11,6.0,54.0,14,25.9,1,3.5,1,,11,3,0.6,0.35
1034,2018,2019-08-23,2019-05-09,USFS-South,12,6.3,103.0,5,4.9,1,,0,,4,0,0.63,
1035,2018,2019-08-23,2019-05-09,USFS-South,13,6.4,73.0,6,8.2,1,3.8,1,,6,0,0.64,0.38
1036,2018,2019-08-23,2019-05-09,USFS-South,14,3.8,53.0,19,35.8,1,2.3,1,,16,2,0.38,0.23
1037,2018,2019-08-23,2019-05-09,USFS-South,15,4.9,54.0,6,11.1,1,2.8,1,,4,1,0.49,0.28
1038,2018,2019-08-23,2019-05-09,USFS-South,16,5.6,67.0,8,11.9,1,2.6,1,,8,0,0.56,0.26
1039,2018,2019-08-23,2019-05-09,USFS-South,17,5.1,81.0,0,0.0,0,1.4,1,,0,0,0.51,0.14
1040,2018,2019-08-23,2019-05-09,USFS-South,18,6.9,62.0,11,17.7,1,3.3,1,,11,0,0.69,0.33
1041,2018,2019-08-23,2019-05-09,USFS-South,19,7.5,67.0,1,1.5,1,1.7,1,,1,0,0.75,0.17
1042,2018,2019-08-23,2019-05-09,USFS-South,20,5.8,62.0,1,1.6,1,3.5,1,,1,0,0.58,0.35
1043,2018,2019-08-23,2019-05-09,USFS-South,21,4.6,50.0,0,0.0,0,3.4,1,,0,0,0.46,0.34
1044,2018,2019-08-23,2019-05-09,USFS-South,22,8.7,124.0,20,16.1,1,1.8,1,,17,1,0.87,0.18
1045,2018,2019-08-23,2019-05-09,USFS-South,23,9.1,98.0,9,9.2,1,2.5,1,,8,1,0.91,0.25
1046,2018,2019-08-23,2019-05-09,USFS-North,1,3.7,18.0,6,33.3,1,3.6,1,,6,0,0.37,0.36
1047,2018,2019-08-23,2019-05-09,USFS-North,2,7.5,38.0,5,13.2,1,6.2,1,,3,2,0.75,0.62
1048,2018,2019-08-23,2019-05-09,USFS-North,3,4.7,36.0,10,27.8,1,4.6,1,,5,1,0.47,0.46
1049,2018,2019-08-23,2019-05-09,USFS-North,4,6.8,54.0,6,11.1,1,5.0,1,,6,0,0.68,0.5
1050,2018,2019-08-23,2019-05-09,USFS-North,5,5.3,22.0,2,9.1,1,4.9,1,,1,0,0.53,0.49
1051,2018,2019-08-23,2019-05-09,USFS-North,6,5.7,43.0,6,14.0,1,4.4,1,,3,3,0.57,0.44
1052,2018,2019-08-23,2019-05-09,USFS-North,7,6.5,54.0,0,0.0,0,5.4,1,,0,0,0.65,0.54
1053,2018,2019-08-23,2019-05-09,USFS-North,8,6.2,55.0,2,3.6,1,5.7,1,,1,1,0.62,0.57
1054,2018,2019-08-23,2019-05-09,USFS-North,9,5.5,37.0,5,13.5,1,4.3,1,,5,0,0.55,0.43
1055,2018,2019-08-23,2019-05-09,USFS-North,10,6.1,49.0,1,2.0,1,4.7,1,,1,0,0.61,0.47
1056,2018,2019-08-23,2019-05-09,USFS-North,11,7.6,48.0,0,0.0,0,6.5,1,,0,0,0.76,0.65
1057,2018,2019-08-23,2019-05-09,USFS-North,12,6.0,41.0,10,24.4,1,5.3,1,,8,2,0.6,0.53
1058,2018,2019-08-23,2019-05-09,USFS-North,13,5.7,40.0,1,2.5,1,3.4,1,,1,0,0.57,0.34
1059,2018,2019-08-23,2019-05-09,USFS-North,14,6.7,58.0,8,13.8,1,4.1,1,,7,1,0.67,0.41
1060,2018,2019-08-23,2019-05-09,USFS-North,15,6.7,50.0,7,14.0,1,3.9,1,,7,0,0.67,0.39
1061,2018,2019-08-23,2019-05-09,USFS-North,16,4.5,46.0,8,17.4,1,,0,,6,2,0.45,
1062,2018,2019-08-23,2019-05-09,USFS-North,17,5.3,51.0,1,2.0,1,2.1,1,,0,1,0.53,0.21
1063,2018,2019-08-23,2019-05-09,USFS-North,18,6.8,109.0,4,3.7,1,,0,,4,0,0.68,
1064,2018,2019-08-23,2019-05-09,USFS-North,19,6.9,104.0,1,1.0,1,,0,,1,0,0.69,
1065,2018,2019-08-23,2019-05-09,USFS-North,20,7.1,96.0,2,2.1,1,,0,,2,0,0.71,
